file_name,id,old_id,region,original_filename,split,transcription_annotator_1,transcription_annotator_2,transcription_annotator_3,majority_speaker_accent,majority_register,majority_loan_word_languages,majority_genders_present,majority_speaker_count
audio/casablanca/casablanca-001.wav,casablanca-001,casablanca-1,casablanca,Casablanca_1-01_16k.wav,train,محدد لممارسة الرياضة ولكن كاين واحد الفئة اللي ما بقاتش قدرت أنها تمارس الرياضة. نعم. بهاد المناسبة تفكرت المبادرة اللي ديما كتفكر في هاد الفئة ويرجع لها الفضل أنها تفكر وتاخذ بيد هذه الفئة ديال المجتمع، هنا فكرت باش وفكرنا بطبيعة الحال بفضل الجميع أننا نخلقوا واحد المشروع تضامني اللي عبارة عن patisserie boulangerie resto,محدد لممارسة الرياضة ولكن كاين واحد الفئة اللي ما بقاتش قدرت أنها تمارس الرياضة. نعم. بهذه المناسبة تفكرت المبادرة اللي ديما كتفكر في هذه الفئة ويرجع لها الفضل أنها تفكر وتاخذ بيد هذه الفئة ديال المجتمع، هنا فكرت باش وفكرنا بطبيعة الحال بفضل الجميع أننا نخلقوا واحد المشروع تضامني اللي عبارة عن patisserie boulangerie resto ca,محدد لممارسة الرياضة ولكن كاين واحد الفئة اللي ما بقاتش قدرات أنها تمارس الرياضة. نعم. بهذه المناسبة تفكرت المبادرة اللي ديما كتفكر في هذه الفئة ويرجع لها الفضل أنها تفكر وتاخذ بيد هذه الفئة ديال المجتمع، هنا فكرت باش وفكرنا بطبيعة الحال بفضل الجميع أننا نخلقوا واحد المشروع تضامني اللي عبارة عن patisserie boulangerie resto,Of Casablanca,Mixed/Educated Moroccan Arabic,French,"Female,Male",2
audio/casablanca/casablanca-002.wav,casablanca-002,casablanca-2,casablanca,Casablanca_1-02_16k.wav,train,هاد المشروع هذا اللي كان بتمويل بفضل المبادرة الوطنية تيشغل واحد الفئة تقريبا ديال خمسطاش بطل وبطلة من ذوي الاحتياجات الخاصة. وهذا خديتوه من المركب هذا الوعاء العقاري؟ الوعاء العقاري كان عندنا عندنا واحد المكان مناسب واقترحنا أننا نستغلوا هذاك الفضاء وخدمنا فيه هاد المشروع هذا اللي تيعتبر واحد المشروع مدير لل,هاد المشروع هذا اللي كان بتمويل بفضل المبادرة الوطنية تيشغل واحد الفئة تقريبا  ديال خمسة عشر بطل وبطلة من ذوي الاحتياجات الخاصة. وهذا خديتوه من المركب هذا الوعاء العقاري؟ الوعاء العقاري كان عندنا عندنا واحد المكان مناسب واقترحنا أننا نستغلوا هذاك الفضاء وخدمنا فيه هذا المشروع هذا اللي تيعتبر واحد المشروع مدير لل,هاد المشروع هذا اللي كان بتمويل بفضل المبادرة الوطنية  تيشغل واحد الفئة تقريبا ديال خمسطاش بطل وبطلة من ذوي الاحتياجات الخاصة. وهذا خديتوه من المركب هذا الوعاء العقاري؟ الوعاء العقاري كان عندنا واحد المكان مناسب واقترحنا أننا نستغلوا هذاك الفضاء وخدمنا فيه هذا المشروع هذا اللي تيعتبر واحد المشروع مدر ,Of Casablanca,Mixed/Educated Moroccan Arabic,none,"Female,Male",2
audio/casablanca/casablanca-003.wav,casablanca-003,casablanca-3,casablanca,Casablanca_1-07_16k.wav,train,لينا و وتيستقبل المشاريع ديالنا بكل جدية وكل اهتمام يعني هداكشي تيجي بمراحل بلا ما ننسى أننا استفدنا في إطار المبادرة النقل وسيلة نقل minibus minibus minibus minibus اللي حاولنا نديرو له l'accessibilité باش يكون accessible لهذه الفئة هذه فيه الولوجيات حتى هو استفدنا منه هو اللي كنستعملو حاليا,لينا و وتيستقبل المشاريع ديالنا بكل جدية وكل اهتمام يعني هذاكشي تيجي بمراحل بلا ما ننسى أننا استفدنا في إطار المبادرة النقل وسيلة نقل minibus minibus minibus minibus اللي حاولنا نديرو له l'accessibilité باش يكون accessible لهذه الفئة هذه فيه الولوجيات حتى هو استفدنا منه هو اللي كنستعملو حاليا,لينا و وتيستقبل المشاريع ديالنا بكل جدية وكل اهتمام يعني هذاكشي تيجي بمراحل بلا ما ننسى أننا استفدنا في إطار المبادرة النقل وسيلة نقل minibus minibus minibus minibus اللي حاولنا نديرو له l'accessibilité باش يكون accessible لهذه الفئة هذه فيه الولوجيات حتى هو استفدنا منه هو اللي كنستعملو حاليا,Of Casablanca,Mixed/Educated Moroccan Arabic,French,"Female,Male",2
audio/casablanca/casablanca-004.wav,casablanca-004,casablanca-4,casablanca,Casablanca_1-10_16k.wav,train,المدينة وخارج المدينة كتلقى مدعمة من من من المبادرة الوطنية باللوغو ديالها يعني ملونين لخضر ولحمر اللي ولا غالب علينا نشوفوه دابا كيما كنمشيو لسوق النموذجي كنشوفو بزاف المشاريع ديال تندوي على البوبوش أنا المراكز ديالهم المراكز ديال التعاون الوطني كندوي عاوتاني المستشفيات يعني أن المبادرة حاليا كنلقاوها باللي مركزة جميع الميادين في الصحة التعليم التعليم الأولي يعني,المدينة وخارج المدينة كتلقى مدعمة من من من المبادرة الوطنية باللوغو ديالها يعني ملونين الأخضر والأحمر اللي ولا غالب علينا نشوفوه دابا كيما كنمشيو للسوق النموذجي كنشوفو بزاف المشاريع ديال تندوي على البوبوش أنا المراكز ديالهم المراكز ديال التعاون الوطني كندوي عاوتاني المستشفيات يعني أن المبادرة حاليا كنلقاوها باللي مركزة جميع الميادين في الصحة التعليم التعليم الأولي يعني,المدينة وخارج المدينة كتلقى مدعمة من  المبادرة الوطنية باللوغو ديالها يعني ملونين الأخضر والأحمر اللي ولا غالب علينا نشوفوه دابا كيما كنمشيو للسوق النموذجي كنشوفو بزاف المشاريع ديال تندوي على البوبوش أنا المراكز ديالهم المراكز ديال التعاون الوطني كندوي عاوتاني المستشفيات يعني أن المبادرة حاليا كنلقاوها باللي مركزة جميع الميادين في الصحة التعليم التعليم الأولي يعني,Of Casablanca,Mixed/Educated Moroccan Arabic,none,Male,2
audio/casablanca/casablanca-005.wav,casablanca-005,casablanca-5,casablanca,Casablanca_1-12_16k.wav,train,هو أنا راه عندي سبع سنين سبحان الله بحال الفكرة ديال أنني غنكون مقاول راه من صغري راه ملي كتسول دري صغير ولا شي حاجة كتقول ليه واش تخرج طبيب ولا شي حاجة كتقول له غنخرج مصور شويا غريبة راه صعيب باش تلقاها فهاد اه صافي بقات من تما بديت بديت كنت كنقرا ديك الساعة في السابعة إعدادي بديت كنصور غير بواحد التليفون كندخلها بداو الأصدقاء ديالي تيقولوا لي راه ممكن تدخل التصاور لل PC تلعب فيهم في Photoshop كتجيني شي حاجة غريبة بديت كن غير بوحدي,هو أنا راه عندي سبع سنين سبحان الله بحال الفكرة ديال أنني غنكون مقاول راه من صغري راه ملي كتسول دري صغير ولا شي حاجة كتقول ليه واش تخرج طبيب ولا شي حاجة كتقول له غنخرج مصور شويه غريبة راه صعيب باش تلقاها فهاد اه صافي بقات من تما بديت بديت كنت كنقرا ديك الساعة في السابعة إعدادي بديت كنصور غير بواحد التليفون كندخلها بداو الأصدقاء ديالي تيقولوا لي راه ممكن تدخل التصاور لل PC تلعب فيهم في Photoshop كتجيني شي حاجة غريبة بديت كن غير بوحدي,هو أنا راه عندي سبع سنين سبحان الله بحال الفكرة ديال أنني غنكون مقاول راه من صغري راه ملي كتسول دري صغير ولا شي حاجة كتقول ليه واش تخرج طبيب ولا شي حاجة كتقول له غنخرج مصور شويه غريبة راه صعيب باش تلقاها فهاد اه صافي بقات من تما بديت بديت كنت كنقرا ديك الساعة في السابعة إعدادي بديت كنصور غير بواحد التليفون كندخلها بداو الأصدقاء ديالي تيقولوا لي راه ممكن تدخل التصاور لل PC تلعب فيهم في Photoshop كتجيني شي حاجة غريبة بديت كن غير بوحدي,Of Casablanca,Moroccan Arabic,French,Male,2
audio/casablanca/casablanca-006.wav,casablanca-006,casablanca-6,casablanca,Casablanca_1-14_16k.wav,train,هدا هو الأهم. كيما قلت لك قبيلة دوينا على كيفاش جات الفكرة. بديت كندخل التصاور، بدا تيتشهر لي هاديك الساعة ما كانش Facebook كان غي Skyblog. يعني بدات بدات من تما هديك انطلاقة. من بعد بديت حتى خديت الباك، من بعد درت تكوين مهني فالصيانة الكهربائية. كيما قلت لك قبيلة راه خصك تقرا المجال ديالك. شي حاجة كتحبها علاش؟ غتعطي فيها وغتنجح فيها. حيت بالإضافة إلى الموهبة راه خاص العلم. خاص العلم، اه، التكوين.,هذا هو الأهم. كيما قلت لك قبيلة دوينا على كيفاش جات الفكرة. بديت كندخل التصاور، بدا تيتشهر لي هذيك الساعة ما كانش Facebook كان Skyblog. يعني بدات بدات من تما هذيك انطلاقة. من بعد بديت حتى خديت الباك، من بعد درت تكوين مهني في الصيانة الكهربائية. كيما قلت لك قبيلة راه خصك تقرا المجال ديالك. شي حاجة كتحبها علاش؟ غتعطي فيها وغتنجح فيها. حيت بالإضافة إلى الموهبة راه خاص العلم. خاص العلم، اه، التكوين.,هذا هو الأهم. كيما قلت لك قبيلة دوينا على كيفاش جات الفكرة. بديت كندخل التصاور، بدا تيتشهر لي هذيك الساعة ما كانش Facebook كان Skyblog. يعني بدات بدات من تما هذيك انطلاقة. من بعد بديت حتى خديت الباك، من بعد درت تكوين مهني في الصيانة الكهربائية. كيما قلت لك قبيلة راه خصك تقرا المجال ديالك. شي حاجة كتحبها علاش؟ غتعطي فيها وغتنجح فيها. حيت بالإضافة إلى الموهبة راه خاص العلم. خاص العلم، اه، التكوين.,Of Casablanca,Moroccan Arabic,no_majority,Male,2
audio/casablanca/casablanca-007.wav,casablanca-007,casablanca-7,casablanca,Casablanca_1-16_16k.wav,train,مع واحد الصديق كان شاد التصوير مع المبادرة، صورت معاهم، سولتو، قال ليا راه كيدعموا المشاريع، صافي بديت كنبحث عليها في l'internet. 2019 كنت خدمت مع واحد الصديق ديالي فواحد المشروع كان عندو un video على على المبادرة الوطنية وسولتو، قلت ليه شنو الطرق كيفاش كيدعمو، شرح ليا هو ولكن قال ليا راه راه ممكن تلجأ للمراكز ديال المنصات راه غيشرحوا ليك بزاف. ما ما كانتش الفرصة، تسنيت حتى لكورونا بدات الفكرة ديال المشروع بدات كتثبت ليا و,واحد الصديق كان شاد التصوير مع المبادرة، صورت معاهم، سولتو، قال ليا راه كيدعموا المشاريع، صافي بديت كنبحث عليها في l'internet. 2019 كنت خدمت مع واحد الصديق ديالي فواحد المشروع كان عندو un video على على المبادرة الوطنية وسولتو، قلت ليه شنو الطرق كيفاش كيدعموا، شرح ليا هو ولكن قال ليا راه راه ممكن تلجأ للمراكز ديال المنصات راه غيشرحوا ليك بزاف. ما ما كانتش الفرصة، تسنيت حتى الكورونا بدات الفكرة ديال المشروع بدات كتثبت ليا و,واحد الحصة دي كانت شاد التصوير مع المبادرة، صورت معاهم، سولتو، قال ليا راه كيدعموا المشاريع، صافي بديت كنبحث عليها في l'internet. 2019 كنت خدمت مع واحد الصديق ديالي فواحد المشروع كان عندو un video على على المبادرة الوطنية وسولتو، قلت ليه شنو الطرق كيفاش كيدعموا، شرح ليا هو ولكن قال ليا راه راه ممكن تلجأ للمراكز ديال منصتي راه غيشرحوا ليك بزاف. ما ما كانتش الفرصة، تسنيت تال الكورونا بدات الفكرة ديال المشروع بدات كتثبت ليا و,Of Casablanca,Moroccan Arabic,French,Male,1
audio/casablanca/casablanca-008.wav,casablanca-008,casablanca-8,casablanca,Casablanca_1-78_16k.wav,train,يعني دون إغفال الاهمية ديال البرامج ولا المكتسبات ديال المرحلتين السابقتين الاهتمام بالراسمال البشري كيركز على عنصرين مهمين هو الأجيال الصاعدة والإدماج الاقتصادي اللي هما كيصبو فيهم هاد البرنامجين هادو اذا البرنامج الرابع اللي هو الدفع بالتنمية البشرية ولا بالراسمال البشري للأجيال الصاعدة التنمية البشرية للأجيال الصاعدة كيستهدف محاربة الا بغينا نقولوا المعيقات ولا المعضلات كيفما جا في الخطاب الملكي,يعني دون اغفال الاهمية ديال البرامج ولا المكتسبات ديال المرحلتين السابقتين الاهتمام بالراسمال البشري كيركز على عنصرين مهمين هو الاجيال الصاعدة والادماج الاقتصادي اللي هما كيصبوا فيهم هاد البرنامجين هادو اذا البرنامج الرابع اللي هو الدفع بالتنمية البشرية ولا بالراسمال البشري للاجيال الصاعدة التنمية البشرية للاجيال الصاعدة كيستهدف محاربة الا بغينا نقولوا المعيقات ولا المعضلات كيفما جا في الخطاب الملكي,يعني دون اغفال الاهمية ديال البرامج ولا المكتسبات ديال المرحلتين السابقتين الاهتمام بالراسمال البشري كيركز على عنصرين مهمين هو الاجيال الصاعدة والادماج الاقتصادي اللي هما كيصبوا فيهم هاد البرنامجين هادو اذا البرنامج الرابع اللي هو الدفع بالتنمية البشرية ولا بالراسمال البشري للاجيال الصاعدة التنمية البشرية للاجيال الصاعدة كيستهدف محاربة الا بغينا نقولوا المعيقات ولا المعضلات كيفما جا في الخطاب الملكي,Of Casablanca,Mixed/Educated Moroccan Arabic,none,Male,2
audio/casablanca/casablanca-009.wav,casablanca-009,casablanca-9,casablanca,Casablanca_1-79_16k.wav,train,التنمية اللي ذكرتو بعد قليل معيقات التنمية من الجذور ديالها، نعم donc من خلال التدخل مباشرة في حول بواحد النظرة استشراف، استشرافية استشرافية مستقبلية لأجل محاربة كيفما قلت هاد المعيقات ديال التنمية البشرية مع التركيز على الطفولة المبكرة كمدخل أساسي لتحقيق واحد التنمية تنمية بشرية مستدامة كيفما كيصبو ليها سيدنا الله ينصرو، نعم هذا البرنامج الرابع فيه واحد ثلاثة ديال المحاور أساسية المحور,التنمية اللي ذكرتو بعد قليل معقات التنمية معقات التنمية من الجذور ديالها نعم دونك من خلال التدخل مباشرة في حول بواحد النظرة استشراق استشرافية استشرافية مستقبلية لأجل محاربة كيفما قلت هاد المعيقات ديال التنمية البشرية مع التركيز على الطفولة المبكرة كمدخل أساسي لتحقيق واحد التنمية تنمية بشرية مستدامة كيفما كيصبو ليها سيدنا الله ينصرو نعم هذا البرنامج الرابع فيه واحد ثلاثة ديال المحاور أساسية المحور,التنمية اللي ذكرتو بعد قليل معيقات التنمية من الجذور ديالها نعم دونك من خلال التدخل مباشرة في حول بواحد النظرة استشراق استشرافية استشرافية مستقبلية لأجل محاربة كيفما قلت هاد المعيقات ديال التنمية البشرية مع التركيز على الطفولة المبكرة كمدخل أساسي لتحقيق واحد التنمية تنمية بشرية مستدامة كيفما كيصبو ليها سيدنا الله ينصرو نعم هذا البرنامج الرابع فيه واحد ثلاثة ديال المحاور أساسية المحور,Of Casablanca,Mixed/Educated Moroccan Arabic,French,Male,2
audio/casablanca/casablanca-010.wav,casablanca-010,casablanca-10,casablanca,Casablanca_1-96_16k.wav,train, المسار الأكاديمي ديالي فمن بعد الحصول على الباكالوريا شعبة العلوم التجريبية التحقت بكلية العلوم بن مسيك سيدي عثمان حصلت على الإجازة في تطبيقية يعني mesure physique contrôle non destructif المراقبة القياسية والمراقبة غير المدمرة من بعد التحقت بالـ L'ENSAM Casablanca يعني المدرسة العليا للكهرباء والميكانيك فالماستر يعني ديبلوم الدراسات المعمقة آنذاك، نعم من بعد التحقت قبل ما نمشي للجامعة,بال المسار الأكاديمي ديالي فمن بعد الحصول على الباكالوريا شعبة العلوم التجريبية التحقت بكلية العلوم بن مسيك سيدي عثمان حصلت على الإجازة في تطبيقية يعني mesure physique contrôle non destructif المراقبة القياسية والمراقبة غير المدمرة من بعد التحقت بالـ L'ENSAM Casablanca يعني المدرسة العليا للكهرباء والميكانيك في الماستر يعني ديبلوم الدراسات المعمقة آنذاك نعم من بعد التحقت قبل ما نمشي للجامعة,بال المسار الأكاديمي ديالي فمن بعد الحصول على الباكالوريا شعبة العلوم التجريبية التحقت بكلية العلوم بن مسيك سيدي عثمان حصلت على الإجازة في تطبيقية يعني mesure physique contrôle non destructif المراقبة القياسية والمراقبة غير المدمرة من بعد التحقت بالـ L'ENSEM Casablanca يعني المدرسة العليا للكهرباء والميكانيك في الماستر يعني ديبلوم الدراسات المعمقة آنذاك نعم من بعد التحقت قبل ما نمشي للجامعة,Of Casablanca,Mixed/Educated Moroccan Arabic,French,Male,2
audio/casablanca/casablanca-011.wav,casablanca-011,casablanca-11,casablanca,Casablanca_1-97_16k.wav,train,التحقت بالقطاع الخاص يعني بديت المسار الأول ديالي في إطار الصناعة الثقيلة التعدين يعني تحويل الصلب كذلك التجربة الثانية في واحد المكتب دراسات الخاص ب les CND le contrôle non destructif من بعد كذلك التجربة الثالثة كانت في قطاع السيارات في واحد الشركة ديال الكابلاج أو الأسلاك الكهربائية من بعد التحقت بجامعة الحسن الثاني، نعم بالضبط في l'ENSET المحمدية ومن أنذاك وأنا كنشتغل كأستاذ,التحقت بالقطاع الخاص يعني بديت المسار الأول ديالي في إطار الصناعة الثقيلة التعدين يعني تحويل الصلب كذلك التجربة الثانية في واحد المكتب دراسات الخاص ب les CND le contrôle non destructif من بعد كذلك التجربة الثالثة كانت في قطاع السيارات في واحد الشركة ديال الكابلاج أو الأسلاك الكهربائية من بعد التحقت بجامعة الحسن الثاني نعم بالضبط في l'ENSET المحمدية ومن أنذاك وأنا كنشتغل كأستاذ,التحقت بالقطاع الخاص يعني بديت المسار الأول ديالي في إطار الصناعة الثقيلة التعدين يعني تحويل الصلب كذلك التجربة الثانية في واحد المكتب دراسات الخاص ب les CND le contrôle non destructif من بعد كذلك التجربة الثالثة كانت في قطاع السيارات في واحد الشركة ديال الكابلاج أو الأسلاك الكهربائية من بعد التحقت بجامعة الحسن الثاني نعم بالضبط في l'ENSET المحمدية ومن أنذاك وأنا كنشتغل كأستاذ,Of Casablanca,Mixed/Educated Moroccan Arabic,French,Male,2
audio/casablanca/casablanca-012.wav,casablanca-012,casablanca-12,casablanca,Casablanca_1-103_16k.wav,train,المأمورية ديال التكوين ديال هاد الطلبة وهادي طريقة ناجحة لأن الطالب فنفس الوقت كيوجد داك المسار ديالو كيوجد الدكتورا ديالو كيكتسب مهارات من بعد كتكون زعما الذهاب ديالو إلى الإشتغال كيكون سلس كيلقى والتجربة راه عاشها السي عبد الله مع واحد الطالبة تبارك الله متألقة و دغيا لقات زعما المجال فين تشتغل donc عندنا اتفاقية كيما قلت لك السي ياسين مع مع المركز,المأمورية ديال التكوين ديال هاد الطلبة وهادي طريقة ناجحة لأن الطالب في نفس الوقت كيوجد داك المسار ديالو كيوجد الدكتوراة ديالو كيكتسب مهارات من بعد كتكون زعما الذهاب ديالو إلى الإشتغال كيكون سلس كيلقى والتجربة راه عاشها السي عبد الله مع واحد الطالبة تبارك الله متألقة و دغيا لقات زعما المجال فين تشتغل donc عندنا اتفاقية كيما قلت لك السي ياسين مع مع المركز,المأمورية ديال التكوين ديال هاد الطلبة وهادي طريقة ناجحة لأن الطالب في نفس الوقت كيوجد داك المسار ديالو كيوجد الدكتوراة ديالو كيكتسب مهارات من بعد كتكون زعما الذهاب ديالو إلى الإشتغال كيكون سلس كيلقى والتجربة راه عاشها السي عبد الله مع واحد الطالبة تبارك الله متألقة و دغيا لقات زعما المجال فين تشتغل donc عندنا اتفاقية كيما قلت لك السي ياسين مع مع المركز,Of Casablanca,Mixed/Educated Moroccan Arabic,French,Male,2
audio/casablanca/casablanca-013.wav,casablanca-013,casablanca-13,casablanca,Casablanca_1-105_16k.wav,train,لي كتعيشها أو لي كتحل واحد المشاكل لي كنعيشوها يوميا لا في مسائل l'emballage ولا ف زعما كتسهل الأمور. وهنا كنبغي نأكد على أن هدا راه عندو واحد الدور مهم بين المؤسسات الأكاديمية والمراكز التقنية لتطوير حلول عملية لي كيقدروا لي غادا ترجع بواحد القيمة على البلاد ديالنا ونمشيو إن شاء الله,اللي كتعيشها أو اللي كتحل واحد المشاكل اللي كنعيشوها يوميا لا في مسائل l'emballage ولا في زعما كتسهل الأمور. وهنا كنبغيت نأكد على أن هذا راه عندو واحد الدور مهم بين المؤسسات الأكاديمية والمراكز التقنية لتطوير حلول عملية اللي كيقدروا اللي غادا ترجع بواحد القيمة على البلاد ديالنا ونمشيو إن شاء الله,اللي كتعيشها أو اللي كتحل واحد المشاكل اللي كنعيشوها يوميا لا في مسائل l'emballage ولا في زعما كتسهل الأمور. وهنا كنبغيت نأكد على أن هذا راه عنده واحد الدور مهم بين المؤسسات الأكاديمية والمراكز التقنية لتطوير حلول عملية اللي كيقدروا اللي غادا ترجع بواحد القيمة على البلاد ديالنا ونمشيو إن شاء الله,Of Casablanca,Mixed/Educated Moroccan Arabic,French,Male,2
audio/casablanca/casablanca-014.wav,casablanca-014,casablanca-14,casablanca,Casablanca_1-120_16k.wav,train,الحمد لله وخا ديرو التكاوين مثلا الحمد لله كيما قلت لك قبيلة الهدف ديالنا تقريبا وصلنا ليه من 2021 لدابا وصلنا للهدف ديالنا بحالاش؟ قبل من 2021 كان معدل الوفيات بسبب البرد القارس ثمنيا حتال تسعا د الجثث داخل المدينة. دابا إن شاء الله فهاد السنين من بعد ما ولى هاد المركز صفر. صفر. الحمد لله. بسبب البرد القارس. تنقول لك صفر في العراء بسبب البرد القارس. ما بقاوش الناس كيموتوا بسبب البرد القارس. كنتي قبل,الحمد لله وخا ديرو التكاويل مثلا الحمد لله كيما قلت لك قبيلة الهدف ديالنا تقريبا وصلنا ليه من 2021 لدابا وصلنا للهدف ديالنا بحالاش؟ قبل من 2021 كان معدل الوفيات بسبب البرد القارس ثمانية حتى لتسعة الجثث داخل المدينة. دابا إن شاء الله فهاد السنين من بعد ما ولى هاد المركز صفر. صفر. الحمد لله. بسبب البرد القارس. تنقول لك صفر في العراء بسبب البرد القارس. ما بقاوش الناس كيموتوا بسبب البرد القارس. كنتي قبل,الحمد لله وخا ديرو التكاويل مثلا الحمد لله كيما قلت لك قبيلة الهدف ديالنا تقريبا وصلنا ليه من 2021 لدابا وصلنا للهدف ديالنا بحالاش؟ قبل من 2021 كان معدل الوفيات بسبب البرد القارس ثمانية حتى لتسعة الجثث داخل المدينة. دابا إن شاء الله فهاد السنين من بعد ما ولى هاد المركز صفر. صفر. الحمد لله. بسبب البرد القارس. تنقول لك صفر في العراء بسبب البرد القارس. ما بقاوش الناس كيموتوا من   البرد القارس. كنتي قبل,Of Casablanca,Mixed/Educated Moroccan Arabic,none,Male,2
audio/casablanca/casablanca-015.wav,casablanca-015,casablanca-15,casablanca,Casablanca_1-122_16k.wav,train,جمعيات على مستوى الدار البيضاء والرباط هي كاين ناس مدمنين موفرين ليهم الماكلة الشراب النعاس لبس ولكن كيخرج الصباح حنا ما كنشدوهمش نسدو عليهم بالتأكيد كيمشيو الصباح يجيو عشية ولكن كيجيو عشية فواحد الحالة ديال الإدمان وعندهم رغبة باش يتعالجوا أنا في التنسيق مع بعض الجهات بعض الجمعيات المختصة، واحد لقوس ما كاينش مركز ديال طب الإدمان في في خريبكة؟ لا لحد الساعة ما كاينش ولكن لي فبالي هو المبادرة الوطنية والسيد مولاي هشام العلوي المدغري سيد عامل الإقليم خدام بقدم وساق,جمعيات على مستوى الدار البيضاء والرباط هي كاين ناس مدمنين موفرين ليهم الماكلة الشراب النعاس اللبس ولكن كيخرج الصباح حنا ما كنشدوهمش نسدو عليهم بالتأكيد كيمشيو الصباح يجيو عشية ولكن كيجيو عشية فواحد الحالة ديال الإدمان وعندهم رغبة باش يتعالجوا أنا في التنسيق مع بعض الجهات بعض الجمعيات المختصة بين قوسين ما كاينش مركز ديال طب الإدمان في في خريبكة؟ لا لحد الساعة ما كاينش ولكن اللي في بالي هو المبادرة الوطنية والسيد مولاي هشام العلوي المدغري سيد عامل الإقليم خدام بقدم وساق,جمعيات على مستوى الدار البيضاء والرباط هي كاين ناس مدمنين موفر ليهم الماكلة الشراب النعاس اللبس ولكن كيخرج الصباح حنا مكنقدوش نسدو عليهم بالتأكيد كيمشيو الصباح يجيو عشية ولكن كيجيو عشية فواحد الحالة ديال الإدمان وعندهم رغبة باش يتعالجوا أنا في التنسيق مع بعض الجهات بعض الجمعيات المختصة بين قوسين ما كاينش مركز ديال طب الإدمان في في خريبكة؟ لا لحد الساعة ما كاينش ولكن اللي في بالي هو المبادرة الوطنية والسيد مولاي هشام العلوي المدغدي سيد عامل الإقليم خدام بقدم وساق,Of Casablanca,Mixed/Educated Moroccan Arabic,none,Male,2
audio/casablanca/casablanca-016.wav,casablanca-016,casablanca-16,casablanca,Casablanca_1-147_16k.wav,train,المناقشة تا هي كانت مع مع الجامعة عبد المالك السعدي ديال طنجة طنجة نعم والطالب يعني طالب من من من دولة طوغو يعني ما كاينش انفتاح غير غير على الجامعة يعني الإفريقية دونك أجانب أجانب وكان وكان السي السي professeur طنان سهر على على تقييم,ديال هذا هي كانت مع مع الجامعة د عبد المالك السعدي ديال طنجة طنجة نعم والطالب يعني طالب من من من دولة طوغو يعني ما كاينش انفتاح غير غير على الجامعة يعني الإفريقية دونك أجانب أجانب وكان وكان السي السي professeur طنان سهر على على تقييم,ديال هذا هي كانت مع مع الجامعة عبد المالك السعدي ديال طنجة طنجة نعم والطالب يعني طالب من من من دولة طوغو يعني ما كاينش انفتاح غير غير على الجامعة يعني الإفريقية دونك أجانب أجانب وكان وكان السي السي professeur طنان سهر على على تقييم,Of Casablanca,Mixed/Educated Moroccan Arabic,French,"Female,Male",2
audio/casablanca/casablanca-017.wav,casablanca-017,casablanca-17,casablanca,Casablanca_1-148_16k.wav,train,العمل الأطروحة اللي اليوم راه طالب كمل كمل الدكتورا ديالو وما زلنا زعما كنشتغلوا على هذه الأطروحة حيت ما كنشوفوش المنتوج غير les filtres ولكن المنتوج اللي نقدروا نستعملوه كما قلت لك عدة عدة استعمالات صناعية وكي ما قلنا من أجل الهدف ديال صنع في المغرب,العمل الأطروحة اللي اليوم راه طالب كمل كمل الدكتوراه ديالو وما زلنا زعما كنشتغلوا على هذه الأطروحة حيت ما كنشوفوش المنتوج غير les filtres ولكن المنتوج اللي نقدروا نستعملوه كما قلت لك عدة عدة استعمالات صناعية وكيما قلنا من أجل الهدف ديال صنع في المغرب,العمل الأطروحة اللي اليوم راه طالب كمل كمل الدكتوراه ديالو وما زلنا زعما كنشتغلوا على هذه الأطروحة حيت ما كنشوفوش المنتوج غير les filtres ولكن المنتوج اللي نقدروا نستعملوه كما قلت لك عدة عدة استعمالات صناعية وكيما قلنا من أجل الهدف ديال صنع في المغرب,Other,Mixed/Educated Moroccan Arabic,French,"Female,Male",2
audio/casablanca/casablanca-018.wav,casablanca-018,casablanca-18,casablanca,Casablanca_1-164_16k.wav,train,الدكتورا أو الطلبة فسلك الماستر أو فسلك المهندسين. هاد المجالات هادي اليوم لي كتم يعني احتضانها و تطبيق ديالها على أرض الواقع في مجال البلاستيك والمطاط وكنعرفو اليوم يعني تا داك الدور لي كتقوم به الأوراش الكبرى فالمملكة المغربية بأنامل مغربية. كيف كتشوف سيدي الفاضل هاد الشراكة هادي وأنتم نموذج فيها ككلية العلوم لتطوير,الدكتوراه أو الطلبة في سلك الماستر أو في سلك المهندسين. هاد المجالات هادي اليوم اللي كتتم يعني احتضانها و التطبيق ديالها على أرض الواقع في مجال البلاستيك والمطاط وكنعرفوا اليوم يعني حتى داك الدور اللي كتقوم به الأوراش الكبرى في المملكة المغربية بأنامل مغربية. كيف كتشوف سيدي الفاضل هاد الشراكة هادي وأنتم نموذج فيها ككلية العلوم لتطوير,الدكتوراه أو الطلبة في سلك الماستر أو في سلك المهندسين. هاد المجالات هادي اليوم اللي كتم يعني احتضانها و تطبيق ديالها على أرض الواقع في مجال البلاستيك والمطاط وكنعرفوا اليوم يعني حتى داك الدور اللي كتقوم به الأوراش الكبرى في المملكة المغربية بأنامل مغربية. كيف كتشوف سيدي الفاضل هاد الشراكة هادي وأنتم نموذج فيها ككلية العلوم لتطبيق,Of Casablanca,Mixed/Educated Moroccan Arabic,none,Male,1
audio/casablanca/casablanca-019.wav,casablanca-019,casablanca-19,casablanca,Casablanca_1-208_16k.wav,train,احتضانها و تطبيق ديالها على أرض الواقع في مجال البلاستيك والمطاط وكنعرفو اليوم يعني حتى داك الدور لي كتقوم به الأوراش الكبرى في المملكة المغربية بأنامل مغربية كيف كتشوف سيدي الفاضل هاد الشراكة هادي وأنتم نموذج فيها ككلية العلوم لتطوير وتجويد مثل هاد الابتكارات فهاد المجالين ربما لليوم ولا عندهم واحد الدور كبير على مستوى البناءات والصناعات كذلك.,ديالها و تطبيق ديالها على أرض الواقع في مجال البلاستيك والمطاط وكنعرفوا اليوم يعني حتى داك الدور اللي كتقوم به الأوراش الكبرى في المملكة المغربية بأنامل مغربية كيف كتشوف سيدي الفاضل هاد الشراكة هادي وأنتم نموذج فيها ككلية العلوم لتطوير وتجويد مثل هاد الابتكارات في هاد المجالين ربما لليوم ولا عندهم واحد الدور كبير على مستوى البناءات والصناعات كذلك.,ديالها و تطبيق ديالها على أرض الواقع في مجال البلاستيك والمطاط وكنعرفوا اليوم يعني حتى داك الدور اللي كتقوم به الأوراش الكبرى في المملكة المغربية بأنامل مغربية كيف كتشوف سيدي الفاضل هاد الشراكة هادي وأنتم نموذج فيها ككلية العلوم لتطوير وتجويد مثل هاد الابتكارات في هاد المجالين ربما لليوم ولا عندهم واحد الدور كبير على مستوى البناءات والصناعات كذلك.,Of Casablanca,Mixed/Educated Moroccan Arabic,none,Male,1
audio/casablanca/casablanca-020.wav,casablanca-020,casablanca-20,casablanca,Casablanca_1-209_16k.wav,train,شكرا بطبيعة الحال كيما قلتي هاد الشراكة اللي كتجمعنا بين بين الجامعة وكلية العلوم بن مسيك بالضبط والمركز التقني للبلاستيك والمطاط ربما حنا كنا سباقين لأن كاين القانون لي عرض مؤخرا على البرلمان القانون المنظم للتعليم العالي لي الرقم ديالو ثلاثة وخمسين أربعة وعشرين جاب هاد جاب هاد المسائل ديال ربط العلاقة بين بين المقاولة وبين الجامعة وربما ينص هاد,شكرا بطبيعة الحال كيما قلتي هاد الشراكة اللي كتجمعنا بين بين الجامعة وكلية العلوم بن مسيك بالضبط والمركز التقني للبلاستيك والمطاط ربما حنا كنا سباقين لأن كاين القانون اللي عرض مؤخرا على البرلمان القانون المنظم للتعليم العالي اللي الرقم ديالو تسعود وخمسين أربعة وعشرين جاب هاد جاب هاد المسائل ديال ربط العلاقة بين بين المقاولة وبين الجامعة وربما ينص هذا,شكرا بطبيعة الحال كيما قلتي هاد الشراكة اللي كتجمعنا بين بين الجامعة وكلية العلوم بن مسيك بالضبط والمركز التقني للبلاستيك والمطاط ربما حنا كنا سباقين لأن كاين القانون اللي عرض مؤخرا على البرلمان القانون المنظم للتعليم العالي اللي الرقم ديالو تسع  وخمسين أربعة وعشرين جاب هاد جاب هاد المسائل ديال ربط العلاقة بين بين المقاولة وبين الجامعة وربما ينص هذا,Of Casablanca,Mixed/Educated Moroccan Arabic,none,Male,1
audio/casablanca/casablanca-021.wav,casablanca-021,casablanca-21,casablanca,Casablanca_1-210_16k.wav,train,القانون على إدماج الفاعلين الاقتصاديين ضمن مجالس التسيير ديال ديال الجامعة. غير بغيت نشير لواحد القضية لأن هاد العلاقة ديالنا مع المركز التقني للبلاستيك والمطاط ربما كنا سباقين في هذه التجربة وجا القانون الجديد اللي اللي عرض على البرلمان الرقم 59 24 جا كيحث على هذا النوع من الشراكات بين بين المقاولة وربما عطى واحد الدور أكبر للمقاولات أنهم,القانون على إدماج الفاعلين الاقتصاديين ضمن مجالس التسيير ديال ديال الجامعة. غير بغيت نشير لواحد القضية لأن هذه العلاقة ديالنا مع المركز التقني للبلاستيك والمطاط ربما كنا سباقين في هذه التجربة وجا القانون الجديد اللي اللي عرض على البرلمان الرقم 59 24 جا كيحث على هذا النوع من الشراكات بين بين المقاولة وربما عطى واحد الدور أكبر للمقاولات أنهم,القانون على إدماج الفاعلين الاقتصاديين ضمن مجالس التسيير ديال ديال الجامعة. غير بغيت نشير لواحد القضية لأن هذه العلاقة ديالنا مع المركز التقني للبلاستيك والمطاط ربما كنا سباقين في هذه التجربة وجا القانون الجديد اللي اللي عرض على البرلمان الرقم 59 24 جا كيحث على هذا النوع من الشراكات بين بين المقاولة وربما عطى واحد الدور أكبر للمقاولات أنهم,Of Casablanca,Mixed/Educated Moroccan Arabic,none,Male,2
audio/casablanca/casablanca-022.wav,casablanca-022,casablanca-22,casablanca,Casablanca_1-220_16k.wav,train,fondamental ou l'appliquer. و في العالم كاينين تجارب ديال l'alternance يعني واحد المدة زمنية لي كيدوزها التلميذ ولا الطالب في الجامعة وواحد المدة أخرى لي كيدوزها ف ف فالمجال الصناعي التطبيقي أو وحنا ما كنمتلوش غير الجامعة يعني مشاركة بين الجامعة كاين شركات يعني راه كنهضروا على واحد العدد هائل ديال الشركات المغربية لي هادوك الطلبة ديالنا لي كيكونوا عندنا راه كيمشيو,fondamental ou l'appliquer. و في العالم كاينين تجارب ديال l'alternance يعني واحد المدة زمنية اللي كيدوزها التلميذ ولا الطالب في الجامعة وواحد المدة أخرى اللي كيدوزها في في في المجال الصناعي أو التطبيقي أو وحنا ما كنمثلوش غير الجامعة يعني مشاركة بين الجامعة كاين شركات يعني راه كنهضروا على واحد العدد هائل ديال الشركات المغربية اللي هادوك الطلبة ديالنا اللي كيكونوا عندنا راه كيمشيو,fondamental ou l'appliquer. و في العالم كاينين تجارب ديال l'alternance يعني واحد المدة زمنية اللي كيدوزها التلميذ ولا الطالب في الجامعة وواحد المدة أخرى اللي كيدوزها في ف المجال الصناعي التطبيقي أو وحنا ما كنمثلوش غير الجامعة يعني مشاركة بين الجامعة كاين شركات يعني راه كنهضروا على واحد العدد هائل ديال الشركات المغربية اللي هادوك الطلبة ديالنا اللي كيكونوا عندنا راه كيمشيو,Of Casablanca,Mixed/Educated Moroccan Arabic,French,"Female,Male",2
audio/casablanca/casablanca-023.wav,casablanca-023,casablanca-23,casablanca,fiP9o14dgoc_segment_01.mp3_16k.wav,train,أو ديال المسؤول أنه يتحمل يتحمل يتحمل في إطار المفاوضات ديال العقود. لأن تيكون واحد الضغط ما تيخليش لك واحد المجال وبالعكس واحد الرقعة أنا غنكمل لك أسي فؤاد باش تفهم الأمور كيفاش تتم. دابا ملي تيكون واحد الضغط ما تيخليش لك واحد المجال زمني فين تنيغوسي على خاطرك وفين تفاوض هذا اللاعب ولا تفاوض هاد الإطار ولا تفاوض هاد الممول ولا تفاوض. ولكن هداك الضغط والضغط ديال مجموعة ديال,أو ديال المسؤول أنه يتحمل يتحمل يتحمل في إطار المفاوضات ديال العقود. لأن تيكون واحد الضغط ما تيخليش لك واحد المجال وبالعكس واحد الرقعة أنا غنكمل لك أسي فؤاد باش تفهم الأمور كيفاش تتم. دابا ملي تيكون واحد الضغط ما تيخليش لك واحد المجال زمني فين تنيغوسي على خاطرك وفين تفاوض هذا اللاعب ولا تفاوض هذا الإطار ولا تفاوض هذا الممول ولا تفاوض. ولكن هذاك الضغط والضغط ديال مجموعة ديال,أو ديال المسؤول أنه يتحمل يتحمل يتحمل في إطار المفاوضات ديال العقود. لأن تيكون واحد الضغط ما تيخليش لك واحد المجال وبالعكس واحد الرقعة أنا غنكمل لك أسي فؤاد باش تفهم الأمور كيفاش تتم. دابا ملي تيكون واحد الضغط ما تيخليش لك واحد المجال زمني فين تnegocier على خاطرك وفين تفاوض هذا اللاعب ولا تفاوض هذا الإطار ولا تفاوض هذا الممول ولا تفاوض. ولكن هذاك الضغط والضغط ديال مجموعة ديال,Of Casablanca,Mixed/Educated Moroccan Arabic,French,Male,2
audio/casablanca/casablanca-024.wav,casablanca-024,casablanca-24,casablanca,fiP9o14dgoc_segment_04.mp3_16k.wav,train,غادي ندخل معاك فالسنة الحالية أشنو لي دار معاك نتا؟ والله يرضي عليك تمشي ليا للولى عادا نجيو للثانية لي هي التدبير ديال هاد السنة لأن الفترة لي غادي تفوزو بلقبين عندي أرقام بأنكم نتوما المكتب بوحدو لي قام مقام بودريقة وهو خارج المغرب أنكم جمعتو بعضياتكم سبعمية مليون فكيتو واحد المجموعة ديال الديون ثم أنكم استطعتو تحيدو تا المنع وعاد دخلتو على نفق آخر هو لي غاتجي فيه نتا من بعد.,غادي ندخل معاك فالسنة الحالية أشنو اللي دار معاك نتا؟ والله يرضي عليك تمشي ليا الأولى عاد نجيو للثانية اللي هي التدبير ديال هاد السنة لأن الفترة اللي غادي تفوزوا بلقبين عندي أرقام بأنكم نتوما المكتب بوحدو اللي قام مقام بودريقة وهو خارج المغرب أنكم جمعتوا بعضياتكم سبعمئة مليون فكيتوا واحد المجموعة ديال الديون ثم أنكم استطعتوا تحيدوا تا المنع وعاد دخلتوا على نفق آخر هو اللي غاتجي فيه نتا من بعد.,غادي ندخل معاك فالسنة الحالية أشنو اللي دار معاك نتا؟ والله يرضي عليك تمشي ليا الأولى عاد نجيو للثانية اللي هي التدبير ديال هاد السنة لأن الفترة اللي غادي تفوزوا بلقبين عندي أرقام بأنكم نتوما المكتب بوحدو اللي قام مقام بودريقة وهو خارج المغرب أنكم جمعتوا بعضياتكم سبعمئة مليون فكيتوا واحد المجموعة ديال الديون ثم أنكم استطعتوا تحيدوا تا المنع وعاد دخلتوا على نفق آخر هو اللي غاتجي فيه نتا من بعد.,Of Casablanca,Mixed/Educated Moroccan Arabic,none,Male,1
audio/casablanca/casablanca-025.wav,casablanca-025,casablanca-25,casablanca,IlOIlpmUT1Q_segment_01.mp3_16k.wav,train,فتارودانت. و من 13 العام جات للدار البيضاء، حيت ديك ليامات كانو الناس ضعاف مساكن. اها. جات للدار البيضاء باش كانت غادي تبغي تمشي فحالها تا هي لإسرائيل، باش تمشي ت تخلط على باباها. ايوا عرفو ليها الوليد. عرفو ليها الوليد فتقريبا من شي عامين من وراها يلاه جات خدمات فواحد لوزين ديال لوقيد ديك ليامات لعيالات كانو,خلقت في تارودانت. و من 13 العام جات للدار البيضاء، حيت ديك الأيامات كانوا الناس ضعاف مساكن. اها. جات للدار البيضاء باش كانت غادي تبغي تمشي فحالها حتى هي لإسرائيل، باش تمشي ت تخلص على باباها. ايوا عرفوا ليها الوليد. عرفوا ليها الوليد في تقريبا من شي عامين من وراها يلاه جات خدمات في واحد لوزين ديال الوقيد ديك الأيامات العيالات كانوا,خلقت في تارودانت. و من 13 العام جات للدار البيضاء، حيت ديك الأيامات كانوا الناس ضعاف مساكن. اها. جات للدار البيضاء باش كانت غادي تبغي تمشي فحالها حتى هي لإسرائيل، باش تمشي ت تخلص على باباها. ايوا عرفوا ليها الوليد. عرفوا ليها الوليد في تقريبا من شي عامين من وراها يلاه جات خدمات في واحد لوزين ديال الوقيد ديك الأيامات العيالات كانوا,Of Casablanca,Moroccan Arabic,none,"Female,Male",2
audio/casablanca/casablanca-026.wav,casablanca-026,casablanca-26,casablanca,radio_20250704_113352.mp3_16k.wav,train,أنواع ديال الأسمدة الورقية. أسمدة لي فيها عنصر واحد أو أكثر من العناصر المغذية الرئيسية. l'azote والفوسفور والبوتاسيوم. أسمدة لي فيها عنصر واحد أو أكثر من العناصر المغذية الثانوية. الكالسيوم والمغنيزيوم والكبريت إلى آخره. أسمدة اللي فيها عنصر واحد أو أكثر من العناصر الصغرى. الحديد، النحاس، الزنك، المنغنيز إلى آخره. وبعض الأسمدة الورقية يمكن تحتوي أيضا على الهرمونات أو الفيتامينات أو البروتينات أو الأحماض أو الجزيئات العضوية الأخرى ولي يمكن تحسن تغذية,أنواع ديال الأسمدة الورقية. أسمدة اللي فيها عنصر واحد أو أكثر من العناصر المغذية الرئيسية. l'azote والفوسفور والبوتاسيوم. أسمدة اللي فيها عنصر واحد أو أكثر من العناصر المغذية الثانوية. الكالسيوم والمغنيزيوم والكبريت إلى آخره. أسمدة اللي فيها عنصر واحد أو أكثر من العناصر الصغرى. الحديد، النحاس، الزنك، المنغنيز إلى آخره. وبعض الأسمدة الورقية يمكن تحتوي أيضا على الهرمونات أو الفيتامينات أو البروتينات أو الأحماض أو الجزيئات العضوية الأخرى واللي يمكن تحسن تغذية,أنواع ديال الأسمدة الورقية. أسمدة اللي فيها عنصر واحد أو أكثر من العناصر المغذية الرئيسية. l'azote والفوسفور والبوتاسيوم. أسمدة اللي فيها عنصر واحد أو أكثر من العناصر المغذية الثانوية. الكالسيوم والمغنيزيوم والكبريت إلى آخره. أسمدة اللي فيها عنصر واحد أو أكثر من العناصر الصغرى. الحديد، النحاس، الزنك، المنغنيز إلى آخره. وبعض الأسمدة الورقية يمكن تحتوي أيضا على الهرمونات أو الفيتامينات أو البروتينات أو الأحماض أو الجزيئات العضوية الأخرى واللي يمكن تحسن تغذية,Of Casablanca,Mixed/Educated Moroccan Arabic,French,Male,1
audio/casablanca/casablanca-027.wav,casablanca-027,casablanca-27,casablanca,radio_20250704_122316.mp3_16k.wav,train,انني زعما تتسمى هادي واحد النوع من الاستباحة. راه مباح. شوفوني أنا ها هو دخل لهاد الدار هادي مهجورة، غدا فبني ملال واحد غيدخل لعين أسردون، واحد آخر غيمشي لشي مبنى قديم، شي موقع. واحد عندهم واحد السور حداهم يقدر يمشي يحفر فيه. فين ولينا؟ إذن تعييب وتخريب والتشجيع على استباحة,انني زعما تتسمى هذي واحد النوع من الاستباحة. راه مباح. شوفوني أنا ها هو دخل لهاد الدار هذه مهجورة، غدا في بني ملال واحد غيدخل لعين أسردون، واحد آخر غيمشي لشي مبنى قديم، شي موقع. واحد عندهم واحد السور حداهم يقدر يمشي يحفر فيه. فين ولينا؟ إذن تعييب وتخريب والتشجيع على استباحة,انني زعما تتسمى هذه واحد النوع من الاستباحة. راه مباح. شوفوني أنا ها هو دخل لهاد الدار هذه مهجورة، غدا في بني ملال واحد غيدخل لعين أسردون، واحد آخر غيمشي لشي مبنى قديم، شي موقع. واحد عندهم واحد السور حداهم يقدر يمشي يحفر فيه. فين ولينا؟ إذن تعييب وتخريب والتشجيع على استباحة,Other,Mixed/Educated Moroccan Arabic,none,Male,1
audio/casablanca/casablanca-028.wav,casablanca-028,casablanca-28,casablanca,radio_20250704_151811.mp3_16k.wav,train,مع الكأس الكأس الغالية صراحة لي من وراها يعني كانت احتفالات كبيرة جدا في مدينة آسفي فملعب انطلقت من مدينة فاس صراحة من المركب الكبير ديال مدينة فاس واستمرت أيضا في المقر ديال إقامة الفريق لي بقى في فاس حتى ليوم الاثنين من يوم الاثنين يعني الوقت لي كان الالتحاق ديالو بمدينة آسفي كانت حشود كبيرة جدا ديال الجماهير اللي كانت كتنتظرو في في كل الشوارع ديال مدينة,مع الكأس الكأس الغالية صراحة اللي من وراها يعني كانت احتفالات كبيرة جدا في مدينة آسفي  انطلقت من مدينة فاس صراحة من المركب الكبير ديال مدينة فاس واستمرت أيضا في المقر ديال إقامة الفريق اللي بقى في فاس حتى ليوم الاثنين من يوم الاثنين يعني الوقت اللي كان الالتحاق ديالو بمدينة آسفي كانت حشود كبيرة جدا ديال الجماهير اللي كانت كتنتظرو في في كل الشوارع ديال مدينة,مع الكأس الكأس الغالية صراحة اللي من وراها يعني كانت احتفالات كبيرة جدا في مدينة آسفي من انطلقت من مدينة فاس صراحة من المركب الكبير ديال مدينة فاس واستمرت أيضا في المقر ديال إقامة الفريق اللي بقى في فاس حتى ليوم الاثنين من يوم الاثنين يعني الوقت اللي كان الالتحاق ديالو بمدينة آسفي كانت حشود كبيرة جدا ديال الجماهير اللي كانت كتنتظرو في في كل الشوارع ديال مدينة,no_majority,Mixed/Educated Moroccan Arabic,none,Male,1
audio/casablanca/casablanca-029.wav,casablanca-029,casablanca-29,casablanca,radio_20250704_151941.mp3_16k.wav,train,كيعطيو مجموعة قواعد، كيكون واحد التتبع ولكن ماشي هديك المراقبة الدائمة، الرقابة الذاتية ديال لوليدات على دواتهم، على التصرفات ديالهم. وهنا كيجي عن طريق غرس القيم الأخلاقية لي كتدفعهم أنهم كيبداو هما تيميزوا بين أن هاد السلوك إيجابي وهذا سلبي. قاعدة أخرى، يقول الكاتب لا بد من تحديد الوقت المناسب للتوجيه والإرشاد، عدم الإكثار أيضا من الملاحظة,كيعطيوه مجموعة قواعد، كيكون واحد التتبع ولكن ماشي هذيك المراقبة الدائمة، الرقابة الذاتية ديال الوليدات على دواتهم، على التصرفات ديالهم. وهنا كيجي عن طريق غرس القيم الأخلاقية اللي كتدفعهم أنهم كيبداو هما تيميزوا بين أن هذا السلوك إيجابي وهذا سلبي. قاعدة أخرى، يقول الكاتب لا بد من تحديد الوقت المناسب للتوجيه والإرشاد، عدم الإكثار أيضا من الملاحظة,كيعطيوه مجموعة قواعد، كيكون واحد التتبع ولكن ماشي هذيك المراقبة الدائمة، الرقابة الذاتية ديال الوليدات على دواتهم، على التصرفات ديالهم. وهنا كيجي عن طريق غرس القيم الأخلاقية اللي كتدفعهم أنهم كيبداو هما تيميزوا بين أن هذا السلوك إيجابي وهذا سلبي. قاعدة أخرى، يقول الكاتب لا بد من تحديد الوقت المناسب للتوجيه والإرشاد، عدم الإكثار أيضا من الملاحظة,Of Casablanca,Mixed/Educated Moroccan Arabic,none,Female,1
audio/casablanca/casablanca-030.wav,casablanca-030,casablanca-30,casablanca,radio_20250704_152005.mp3_16k.wav,train,بيضاء فيها أكثر من تسع شقق. هاذي نستكلف فيها بالتنظيف تاعها، بالبرنامج اليومي تاعها تاع الحجوزات العائلات. و bien sûr لازم الهدف تاعي هي استقبال العائلات كي يجيو لتيبازة. كيفاش نستقبلهم؟ أنا نتكلم كسائح. راني جيت، يعني أول شيء هو نتصفح الصفحة نتاعك تاع التواصل الاجتماعي. يعني واش تقدم لي كسائح ولا أول مرة نجي لولاية تيبازة؟ تفضل. حاجة سهلة، كي تدخل الصفحة تاعي سلحي إسلام في Instagram، راك حتصيب كامل الشقق والمنازل متوفرة,بيضاء فيها أكثر من تسع شقق. هذه نستكلف فيها بالتنظيف تاعها، بالبرنامج اليومي تاعها تاع الحجوزات العائلات. و bien sûr لازم الهدف تاعي هي استقبال العائلات كي يجيو لتيبازة. كيفاش نستقبلهم؟ أنا نتكلم كسائح. راني جيت، يعني أول شيء هو نتصفح الصفحة نتاعك تاع التواصل الاجتماعي. يعني واش تقدم لي كسائح ولا أول مرة نجي لولاية تيبازة؟ تفضل. حاجة سهلة، كي تدخل الصفحة تاعي سلحي إسلام في Instagram، راك حتصيب كامل الشقق والمنازل متوفرة,بيضاء فيها أكثر من تسع شقق. هذه نستكلف فيها بالتنظيف تاعها، بالبرنامج اليومي تاعها تاع الحجوزات العائلات. و bien sûr لازم الهدف تاعي هي استقبال العائلات كي يجيو لتيبازة. كيفاش نستقبلهم؟ أنا نتكلم كسائح. راني جيت، يعني أول شيء هو نتصفح الصفحة نتاعك تاع التواصل الاجتماعي. يعني واش تقدم لي كسائح ولا أول مرة نجي لولاية تيبازة؟ تفضل. حاجة سهلة، كي تدخل الصفحة تاعي سلحي إسلام في Instagram، راك حتصيب كامل الشقق والمنازل متوفرة,Of Oujda,Mixed/Educated Moroccan Arabic,French,Male,2
audio/casablanca/casablanca-031.wav,casablanca-031,casablanca-31,casablanca,radio_20250704_184858.mp3_16k.wav,train,يقدم عليها منها يعني إعادة ترتيب الأمور بالنسبة للفئات الصغرى وكذلك كإلزامية خلق فئتين جديدتين سواء بالنسبة للفريق النسوي أو لفريق كرة القدم داخل القاعة. غادي نبداو بأخبار لي كتخص الفريق الأول، الفريق الأول كيما أكد لي الناطق الرسمي باسم الفريق سي جامع بوحلموش على أنه في الأسبوع المقبل غادي يتجمعو اللاعبين وغادي ياخذو المستحقات المالية ديالهم و,يقدم عليها منها يعني إعادة ترتيب الأمور بالنسبة للفئات الصغرى وكذلك كإلزامية خلق فئتين جديدتين سواء بالنسبة للفريق النسوي أو لفريق كرة القدم داخل القاعة. غادي نبداو بأخبار اللي كتخص الفريق الأول، الفريق الأول كيما أكد لي الناطق الرسمي باسم الفريق السي جامع بوحلموش على أنه في الأسبوع المقبل غادي يتجمعوا اللاعبين وغادي ياخذوا المستحقات المالية ديالهم و,يقدم عليها منها يعني إعادة ترتيب الأمور بالنسبة للفئات الصغرى وكذلك كإلزامية خلق فئتين جديدتين سواء بالنسبة للفريق النسوي أو لفريق كرة القدم داخل القاعة. غادي نبداو بأخبار اللي كتخص الفريق الأول، الفريق الأول كيما أكد لي الناطق الرسمي باسم الفريق السي جامع بوحلموش على أنه في الأسبوع المقبل غادي يتجمعوا اللاعبين وغادي ياخذوا المستحقات المالية ديالهم و,Of Casablanca,Mixed/Educated Moroccan Arabic,none,Male,1
audio/casablanca/casablanca-032.wav,casablanca-032,casablanca-32,casablanca,radio_20250707_132215.mp3_16k.wav,train,يعني كان عددهم كلهم 26 قسموهم إلى ثلاث مجموعات رئيسية لاستهداف تخريب خط السكك الحديدية الهاتف وخصوصا مهاجمة ومحاولة اقتحام دار الجوندارما والهجوم الأخير هذا هو لي ترك الأثر تاعو لأن المجموعة هادي الأخيرة قادها الشهيد محمد الصالح ميهوبي العربي بن مهيوب كان عددهم يعني تسعة أعضاء أو تسع عناصر مناضلين قاموا باستهداف هاته الثكنة,يعني كان عددهم كلهم 26 قسموهم إلى ثلاث مجموعات رئيسية لاستهداف تخريب خط السكك الحديدية الهاتف وخصوصا مهاجمة ومحاولة اقتحام دار الجوندارما والهجوم الأخير هذا هو اللي ترك الأثر تاعه لأن المجموعة هذه الأخيرة قادها الشهيد محمد الصالح ميهوبي العربي بن مهيوب كان عددهم يعني تسعة أعضاء أو تسع عناصر مناضلين قاموا باستهداف هاته الثكنة,يعني كان عددهم كلهم 26 قسموهم إلى ثلاث مجموعات رئيسية لاستهداف تخريب خط السكك الحديدية الهاتف وخصوصا مهاجمة ومحاولة اقتحام دار الجوندارما والهجوم الأخير هذا هو اللي ترك الأثر تاعه لأن المجموعة هذه الأخيرة قادها الشهيد محمد الصالح ميهوبي العربي بن مهيوب كان عددهم يعني تسعة أعضاء أو تسع عناصر مناضلين قاموا باستهداف هاته الثكنة,Of Casablanca,Mixed/Educated Moroccan Arabic,none,Male,1
audio/casablanca/casablanca-033.wav,casablanca-033,casablanca-33,casablanca,radio_20250707_132325.mp3_16k.wav,train,يعني فيها واحد القيمة عالية ديال التقنية ديال ديال الشباك. صحيح بأن في الشوط الثاني كانت واحد الجمل تكتيكية مزيانة خصوصا ربما كتعكس داك الطابع الأداء ديال ديال كرة القدم الإسبانية ولكن المهمة لن تكون سهلة أمام الكونغو علاش؟ لأن انهزمو هزيمة ساحقة أمام السنغال والحظوظ ديالهم مرتبطة بالمقابلة الجاية اللي غيواجه فيها الفريق المغربي. قلت نتمنى أن ما تكونش,يعني فيها واحد القيمة عالية ديال التقنية ديال ديال الشباك. صحيح بأن في الشوط الثاني كانت واحد الجمل تكتيكية مزيانة خصوصا ربما كتعكس داك الطابع الأداء ديال ديال كرة القدم الإسبانية ولكن المهمة لن تكون سهلة أمام الكونغو علاش؟ لأن انهزموا هزيمة ساحقة أمام السنغال والحظوظ ديالهم مرتبطة بالمقابلة الجاية اللي غيواجه فيها الفريق المغربي. قلت نتمنى أن ما تكونش,يعني فيها واحد القيمة عالية ديال التقنية ديال ديال الشباك. صحيح بأن في الشوط الثاني كانت واحد الجمل تكتيكية مزيانة خصوصا ربما كتعكس داك الطابع الأداء ديال ديال كرة القدم الإسبانية ولكن المهمة لن تكون سهلة أمام الكونغو علاش؟ لأن انهزموا هزيمة ساحقة أمام السنغال والحظوظ ديالهم مرتبطة بالمقابلة الجاية اللي غيواجه فيها الفريق المغربي.فالتالي قلت نتمنى أن ما تكونش,Of Casablanca,Mixed/Educated Moroccan Arabic,none,Male,2
audio/casablanca/casablanca-034.wav,casablanca-034,casablanca-34,casablanca,radio_20250707_133520.mp3_16k.wav,train,ترهيبها وإضعاف معنويات الجنود غير أن قيادة الثورة أصرت على التكتم عن خبر استشهاد زيغود يوسف والإعلان عليه لاحقا حتى يتفادوا إحباط معنويات جنود الولاية الثانية وقد تم نشر الخبر بشكل رسمي في,ترهيبها وإضعاف معنويات الجنود غير أن قيادة الثورة أصرت على التكتم عن خبر استشهاد زيغود يوسف والإعلان عليه لاحقا حتى يتفادوا إحباط معنويات جنود الولاية الثانية وقد تم نشر الخبر بشكل رسمي في,ترهيبها وإضعاف معنويات الجنود غير أن قيادة الثورة أصرت على التكتم عن خبر استشهاد زيغود يوسف والإعلان عليه لاحقا حتى يتفادوا إحباط معنويات جنود الولاية الثانية وقد تم نشر الخبر بشكل رسمي في,Of Casablanca,Standard Arabic,none,Male,1
audio/casablanca/casablanca-035.wav,casablanca-035,casablanca-35,casablanca,radio_20250710_222757.mp3_16k.wav,train,دائما أحييكم مستمعينا أينما كنتم وأرحب بكم دائما مباشرة على أثير إذاعتكم إذاعة Medina FM والساعة تشير هنا باستوديو Medina FM إلى الحادية عشر و27 دقيقة ومرة أخرى معذرة لكم مستمعينا على العطب الواقع في الهاتف وننتقل إلى إحدى طلبات مستمعينا الأوفياء يا مسهرني ولعشاق الفنانة المصرية نادية مصطفى,دائما أحييكم مستمعينا أينما كنتم وأرحب بكم دائما مباشرة على أثير إذاعتكم إذاعة Medina FM والساعة تشير هنا باستوديو Medina FM إلى الحادية عشر و27 دقيقة ومرة أخرى معذرة لكم مستمعينا على العطب الواقع في الهاتف وننتقل إلى إحدى طلبات مستمعينا الأوفياء يا مسهرني ولعشاق الفنانة المصرية نادية مصطفى,دائما أحييكم مستمعينا أينما كنتم وأرحب بكم دائما مباشرة على أثير إذاعتكم إذاعة Medina FM والساعة تشير هنا باستوديو Medina FM إلى الحادية عشر و27 دقيقة ومرة أخرى معذرة لكم مستمعينا على العطب الواقع في الهاتف وننتقل إلى إحدى طلبات مستمعينا الأوفياء يا مسهرني ولعشاق الفنانة المصرية نادية مصطفى,Of Casablanca,Standard Arabic,none,Male,1
audio/casablanca/casablanca-036.wav,casablanca-036,casablanca-36,casablanca,WwUF8uoO00c_segment_02.mp3_16k.wav,train,نفسي أنا افكر في والدتي لأنني كنت أتمنى أن تكون مع والدي رحمة الله عليه في الحج لأنني وفقني الله وأحضرتهم مرة إلى العمرة لكن والدي رحمة الله عليه كان يتمنى الحج فقالوا لي هذه مناسبة دائما الأعمال في ديننا الحنيف الأعمال بالنيات، صحيح عدت إلى البيت إخواني وأخواتي عندهم خبر جلست مع الوالدة قلت لها والدتي من متى ذهبت للعمرة قالت لي من,نفسي انا افكر في والدتي لانني كنت اتمنى ان تكون مع والدي رحمه الله عليه في الحج لانني وفقني الله واحضرتهم مرة الى العمرة لكن والدي رحمه الله عليه كان يتمنى الحج فقالوا لي هذه مناسبة دائما الاعمال في ديننا الحنيف الأعمال بالنيات صحيح عدت الى البيت اخواني واخواتي عندهم خبر جلست مع الوالدة قلت لها والدتي من متى ذهبت للعمرة قالت لي من,نفسي انا افكر في والدتي لانني كنت اتمنى ان تكون مع والدي رحمه الله عليه في الحج لانني وفقني الله واحضرتهم مره الى العمره لكن والدي رحمه الله عليه كان يتمنى الحج فقالوا لي هذه مناسبه دائما الاعمال في ديننا الحنيف الاعمال بالنيات صحيح عدت الى البيت اخواني واخواتي عندهم خبر جلست مع الوالده قلت لها والدتي من متى ذهبت للعمره قالت لي من,Other,Standard Arabic,none,Male,2
audio/casablanca/casablanca-037.wav,casablanca-037,casablanca-37,casablanca,WwUF8uoO00c_segment_05.mp3_16k.wav,train,مع شخص زادني بها في هذه الرحلة نورا وزادني بهاء وزادها جمالا. ما ما كان مميزا حينما عرف المجموعة أن والدتي هي التي معي أصبحت والدتي الآن هي أيقونة المجموعة وأصبحت أنا كل مرة يسألون وين سمير وأمه؟ أصبحت تحت رعاية الجميع. يعني سبحان الله شعرت بهذا الأمر منذ وصولنا إلى المطار. حتى في في مع الشرطية سيدة سعودية,مع شخص زادني بها في هذه الرحلة نورا وزادني بهاء وزادها جمالا. ما ما كان مميزا حينما عرف المجموعة أن والدتي هي التي معي أصبحت والدتي الآن هي أيقونة المجموعة وأصبحت أنا كل مرة يسألون وين سمير وأمه؟ أصبحت تحت رعاية الجميع. يعني سبحان الله شعرت بهذا الأمر منذ وصولنا إلى المطار. حتى في في مع الشرطية سيدة سعودية,مع شخص زادني بها في هذه الرحلة نورا وزادني بهاء وزادها جمالا. ما ما كان مميزا حينما عرف المجموعة أن والدتي هي التي معي أصبحت والدتي الآن هي أيقونة المجموعة وأصبحت أنا كل مرة يسألون وين سمير وأمه؟ أصبحت تحت رعاية الجميع. يعني سبحان الله شعرت بهذا الأمر منذ وصولنا إلى المطار. حتى في في مع الشرطية سيدة سعودية,Other,Standard Arabic,none,Male,2
audio/casablanca/casablanca-038.wav,casablanca-038,casablanca-38,casablanca,yUEGR2W6734_segment_01.mp3_16k.wav,train,أنه الوضعية لي كانت عليها باش تحددات هاد اللوائح ديال وضعية ديال الدور الآيلة للسقوط تحتاج إلى تحيين. ديك الساعة كانت مثلا مصنفة بعض البنايات فديك اللحظة على أنها فواحد الخانة معينة لي كيمكن تصلح وكيمكن تدعم وكيمكن، الآن ما بقاتش فهاد الوضعية بمعنى آخر هاد العملية ديال التحيين والتتبع لأنه في آخر المطاف هدا مشروع لي يعني كاين التتبع والرعاية بشكل مباشر من طرف جلالة الملك وهنا,أنه الوضعية اللي كانت عليها باش تحددات هاد اللوائح ديال وضعية ديال الدور الآيلة للسقوط تحتاج إلى تحيين. ديك الساعة كانت مثلا مصنفة بعض البنايات في ديك اللحظة على أنها فواحد الخانة معينة اللي كيمكن تصلح وكيمكن تدعم وكيمكن، الآن ما بقاتش في هاد الوضعية بمعنى آخر هاد العملية ديال التحيين والتتبع لأنه في آخر المطاف هذا مشروع اللي يعني كاين التتبع والرعاية بشكل مباشر من طرف جلالة الملك وهنا,أنه الوضعية اللي كانت عليها باش تحددات هاد اللوائح ديال وضعية ديال الدور الآيلة للسقوط تحتاج إلى تحيين. ديك الساعة كانت مثلا مصنفة بعض البنايات في ديك اللحظة على أنها فواحد الخانة معينة اللي كيمكن تصلح وكيمكن تدعم وكيمكن، الآن ما بقاتش في هاد الوضعية بمعنى آخر هاد العملية ديال التحيين والتتبع لأنه في آخر المطاف هذا مشروع اللي يعني كاين التتبع والرعاية بشكل مباشر من طرف جلالة الملك وهنا,Other,Mixed/Educated Moroccan Arabic,none,Male,1
audio/casablanca/casablanca-039.wav,casablanca-039,casablanca-39,casablanca,yUEGR2W6734_segment_02.mp3_16k.wav,train,النقاش المتعلق بالأوراش الآن المفتوحة وأيضا بحركية وأيضا هاد التنمية الحضرية، فأعتقد أنه بديتو الإجتماعات منذ توليتم المسؤولية وزمام الأمور بالمدينة، فإذا كانت الإجتماعات للمكتب المسير تخصص فقط لأعضائه فإن العمدة يكون ملزما خلال بداية كل دورة جماعية باش يعرض الأنشطة ديالو لي قام بها المكتب طيلة الفترة الممتدة,النقاش المتعلق بالأوراش الآن المفتوحة وأيضا بحركية وأيضا هذا التنمية الحضرية، فاعتقد أنه بديتوا الاجتماعات منذ توليتم المسؤولية وزمام الأمور بالمدينة، فإذا كانت الاجتماعات للمكتب المسير تخصص فقط لأعضائه فإن العمدة يكون ملزما خلال بداية كل دورة جماعية باش يعرض الأنشطة ديالو اللي قام بها المكتب طيلة الفترة الممتدة,النقاش المتعلق بالأوراش الآن المفتوحة وأيضا بحركية وأيضا هاذ التنمية الحضرية، فاعتقد أنه بديتوا الاجتماعات منذ توليتم المسؤولية وزمام الأمور بالمدينة، فإذا كانت الاجتماعات للمكتب المسير تخصص فقط لأعضائه فإن العمدة يكون ملزما خلال بداية كل دورة جماعية باش يعرض الأنشطة ديالو اللي قام بها المكتب طيلة الفترة الممتدة,Of Casablanca,Mixed/Educated Moroccan Arabic,none,Male,1
audio/casablanca/casablanca-040.wav,casablanca-040,casablanca-40,casablanca,yUEGR2W6734_segment_03.mp3_16k.wav,train,بنا لي كيستعمل التكنولوجيات الحديثة، إذن واحد الدرجة ديال التحول الرقمي لمدينة الدار البيضاء. ديال كذلك الموضوع ديال الإشهار والإعلان في الأثاث الحضري لي هو أوراش مهمة ولي خصها تطور على المستوى ديال الشرطة الإدارية. وأشار بعض السادة يعني رؤساء المقاطعات المحاور مرتبطة كذلك بالمحافظة على التراث. عندنا من الأولويات لي سهرنا عليها في المكتب أن الدار البيضاء، الدار البيضاء ثقافة، الدار البيضاء حضارة، الدار البيضاء,بنا اللي كيستعمل التكنولوجيات الحديثة، إذن واحد الدرجة ديال التحول الرقمي لمدينة الدار البيضاء. ديال كذلك الموضوع ديال الإشهار والإعلان في الأثاث الحضري اللي هو أوراش مهمة واللي خصها تطور على المستوى ديال الشرطة الإدارية. وأشار بعض السادة يعني رؤساء المقاطعات المحاور مرتبطة كذلك بالمحافظة على التراث. عندنا من الأولويات اللي سهرنا عليها في المكتب أن الدار البيضاء، الدار البيضاء ثقافة، الدار البيضاء حضارة، الدار البيضاء,بنا اللي كيستعمل التكنولوجيات الحديثة، إذن واحد الدرجة ديال التحول الرقمي لمدينة الدار البيضاء. ديال كذلك الموضوع ديال الإشهار والإعلان في الأثاث الحضري اللي هو أوراش مهمة واللي خصها تطور على المستوى ديال الشرطة الإدارية. وأشار بعض السادة يعني رؤساء المقاطعات المحاور مرتبطة كذلك بالمحافظة على التراث. عندنا من الأولويات اللي سهرنا عليها في المكتب أن الدار البيضاء، الدار البيضاء ثقافة، الدار البيضاء حضارة، الدار البيضاء,Of Casablanca,Mixed/Educated Moroccan Arabic,none,Male,1
audio/oujda/oujda-001.wav,oujda-001,oujda-1,oujda,Oujda_1-05_16k.wav,train,داخل داخل الحضرة الربانية بمعنى ملي كيكونو دابا نتا كتعرف بأن الزوايا كيكون عندهم لقاء أسبوعي باش ما نتشعبش بزاف فهاد الخر غادي غير واه باش المستمعين يبقاو متبعين معنا فكيكون ديك العمارة العمارة الحضرة لي كتسمى الحضرة هذيك الحضرة خصها مسمع كتبدا بواحد كتبدا بواحد النوع معين ديال السماع وغادية وكتطلع وكتكمل بواحد النوع معين ديال السماع داخل,داخل داخل الحضرة الربانية بمعنى ملي كيكونوا دابا نتا كتعرف بأن الزوايا كيكون عندهم لقاء أسبوعي باش ما نتشعبش بزاف فهاد الخر غادي غير واه باش المستمعين يبقاو متبعين معنا فكيكون ديك العمارة العمارة الحضرة اللي كتسمى الحضرة هذيك الحضرة خصها مسمع كتبدا بواحد كتبدا بواحد النوع معين ديال السماع وغادية وكتطلع وكتكمل بواحد النوع معين ديال السماع داخل,داخل داخل الحضرة الربانية بمعنى ملي كيكونوا دابا نتا كتعرف بأن الزوايا كيكون عندهم لقاء أسبوعي باش ما نتشعبش بزاف فهاد الخر غادي غير واه باش المستمعين يبقاو متبعين معنا فكيكون ديك العمارة العمارة الحضرة اللي كتسمى الحضرة هذيك الحضرة خصها مسمع كتبدا بواحد كتبدا بواحد النوع معين ديال السماع وغادية وكتطلع وكتكمل بواحد النوع معين ديال السماع داخل,Of Oujda,Mixed/Educated Moroccan Arabic,none,Male,2
audio/oujda/oujda-002.wav,oujda-002,oujda-2,oujda,Oujda_1-11_16k.wav,train,هكا ولكن أنا حاولت نلحنها غير هي حاولت ندير لها لحن جديد لا غير تقريبا نفس اللحن ولكن ماشي بالطريقة التقليدية التقليدية لي معروفة voila فبدلت بدلت فبعض فبعض الأماكن واحتفظت باللحن الأصلي هو لحن شمالي شاوني كلمات كذلك ديال سيدي سيدي شاقور ولكن كاين شي كلمات أخرى ماشي ديالو أنا هاد الرباعية ديالو والحمد لله بلغنا يا الله,هكا ولكن أنا حاولت نلحنها غير هي حاولت ندير لها لحن جديد لا غير تقريبا نفس اللحن ولكن ماشي بالطريقة التقليدية التقليدية اللي معروفة فوالا فبدلت بدلت في بعض في بعض الأماكن واحتفظت باللحن الأصلي هو لحن شمالي شاوني كلمات كذلك ديال سيدي سيدي شاقور ولكن كاين شي كلمات أخرين ماشي ديالو أنا هاد الرباعية* ديالو والحمد لله بلغنا يا الله,هكا ولكن أنا حاولت نلحنها غير هي حاولت ندير لها لحن جديد لا غير تقريبا نفس اللحن ولكن ماشي بالطريقة التقليدية التقليدية اللي معروفة فوالا فبدلت بدلت في بعض في بعض الأماكن واحتفظت باللحن الأصلي هو لحن شمالي شاوني كلمات كذلك ديال سيدي سيدي شاقور ولكن كاين شي كلمات أخرين ماشي ديالو أنا هاد الرباعية ديالو والحمد لله بلغنا يا الله,Of Oujda,Mixed/Educated Moroccan Arabic,French,Male,2
audio/oujda/oujda-003.wav,oujda-003,oujda-3,oujda,Oujda_1-20_16k.wav,train,كتبتها هي هي هي بلغة البيضاء ما يسمى بلغة البيضاء يعني زجل ولكن فيه فيه فيه لغة يعني يفهمها الجميع اها اها صيفط لي القصيدة صراحة أول ما قريت الكلام تأثرت بواحد الشكل كبير بهذا الكلام هدا لأن كيقول لك كل ما يخرج من القلب يصل إلى القلب وكل ما يخرج من اللسان لا يكاد يصل الآذان اها,كتكتب هي هي هي بلغة البيضاء ما يسمى بلغة البيضاء يعني زجل ولكن فيه فيه فيه لغة يعني يفهموها الجميع اها اها صيفط لي القصيدة صراحة أول ما قريت الكلام تأثرت بواحد الشكل كبير بهذا الكلام هذا لأن كيقول لك كل ما يخرج من القلب يصل إلى القلب وكل ما يخرج من اللسان لا يكاد يصل الآذان اها,كتبها هي بلغة البيضاء ما يسمى بلغة البيضاء يعني زجال ولكن فيه فيه فيه لغة يعني يفهموها الجميع اها اها صيفط لي القصيدة صراحة أول ما قريت الكلام تأثرت بواحد الشكل كبير بهذا الكلام هذا لأن كيقول لك كل ما يخرج من القلب يصل إلى القلب وكل ما يخرج من اللسان لا يكاد يصل الآذان اها,Of Oujda,Mixed/Educated Moroccan Arabic,none,Male,2
audio/oujda/oujda-004.wav,oujda-004,oujda-4,oujda,Oujda_1-21_16k.wav,train,فتأثرت أنا بهاد القصيدة وطلب مني قال لي واش ممكن تلحنها ليا. فقلت لو أنا غادي ندير شي محاولة لأن الكلام كان كان عندي واحد الكلام راك عارف دائما ملي كيكون شي واحد لي كيكون شاعر شاعر يعني كيكتب غير ليه ماشي هو شاعر كيكتب الأغاني أو لا. صحيح صحيح. فطلبت منو قلت لو واش ممكن أنني نقاد شي حويجات وداكشي وناخذ غير لي قال لي صافي.,فتأثرت أنا بهاد القصيدة وطلب مني قال لي واش ممكن تلحنها ليا. فقلت له أنا غادي ندير شي محاولة لأن الكلام كان كان عندي واحد الكلام راك عارف دائما ملي كيكون شي واحد اللي كيكون شاعر شاعر يعني كيكتب غير ليه ماشي هو شاعر كيكتب للأغاني أو لا. صحيح صحيح. فطلبت منه قلت له واش ممكن أنني نقاد شي حويجات وداكشي وناخذ غير اللي قال ليا صافي.,فتأثرت أنا بهاد القصيدة وطلب مني قال لي واش ممكن تلحنها ليا. فقلت له أنا غادي ندير شي محاولة لأن الكلام كان كان عندي واحد الكلام راك عارف دائما ملي كيكون شي واحد اللي كيكون شاعر شاعر يعني كيكتب غير ليه ماشي هو شاعر كيكتب للأغاني أولا. صحيح صحيح. فطلبت منه قلت له واش ممكن أنني نقاد شي حويجات وداكشي وناخذ غير اللي قال لي صافي.,Of Oujda,Mixed/Educated Moroccan Arabic,none,Male,2
audio/oujda/oujda-005.wav,oujda-005,oujda-5,oujda,Oujda_1-34_16k.wav,train,بمعنى أنا أنا بعض المرات أنا كنكتب ما ما كنكتبش غير من أجل الكتابة لا ولكن كنكتب من أجل الموضوع أو لا من أجل حالة مثلا عشناها أو لا من أجل واحد واحد الفترة فوتها مثلا أو لا مثلا واحد التجربة ديال واحد الصديق ديالي مثلا تأثرت بها كنكتب فهاد الإطار يعني ماشي بغيت نكتب غادي نكتب لا كنكتب وكنحاول نكتب بالدارجة أكثر لأن الدارجة بغنا نوصلوها لـ للعامية,بالمعنى أنا أنا بعض المرات أنا كنكتب ما ما كنكتبش غير من أجل الكتابة لا ولكن كنكتب من أجل الموضوع أو لا من أجل حالة مثلا عشناها أو لا من أجل واحد واحد الفترة فوتها مثلا أو لا مثلا واحد التجربة ديال واحد الصديق ديالي مثلا تأثرت بها كنكتب في هذا الإطار يعني ماشي بغيت نكتب غادي نكتب لا كنكتب وكنحاول نكتب بالدارجة أكثر لأن الدارجة بغنا نوصلوها لـ للعامية,بالمعنى أنا أنا بعض المرات أنا كنكتب ما ما كنكتبش غير من أجل الكتابة لا ولكن كنكتب من أجل الموضوع أو لا من أجل حالة مثلا عشناها أو لا من أجل واحد واحد الفترة فوتها مثلا أو لا مثلا واحد التجربة ديال واحد الصديق ديالي مثلا تأثرت بها كنكتب في هذا الإطار يعني ماشي بغيت نكتب غادي نكتب لا كنكتب وكنحاول نكتب بالدارجة أكثر لأن الدارجة بغينا نوصلوها لـ للعامية,Of Oujda,Mixed/Educated Moroccan Arabic,none,Male,2
audio/oujda/oujda-006.wav,oujda-006,oujda-6,oujda,Oujda_1-35_16k.wav,train,voila. ف فالغناء نعبر به أكثر على على الوجدان، على الوجدان لي فيا، على الوجدان ديالي، على الأحاسيس لي عندي، على داكشي لي بغيت نوصلو للناس كن كنوصلو بالغناء أكثر من والتلحين كيجي من موراها علاش؟ لأن التلحين هو هو عندو علاقة بال بالغناء بطبيعة الحال، بطبيعة الحال. ثم كتجي العزف. كيجي كيجي الشعر والعزف بجوج. كنت لحنت واحد générique ديال فقناة السادسة.,فوالا. العامية ف فالغناء نعبر به أكثر على على الوجدان، على الوجدان اللي فيا، على الوجدان ديالي، على الأحاسيس اللي عندي، على داكشي اللي بغيت نوصلو للناس كن كنوصلو بالغناء أكثر من والتلحين كيجي من موراها علاش؟ لأن التلحين هو هو عندو علاقة بال بالغناء بطبيعة الحال، بطبيعة الحال. ثم كتجي العزف. كيجي كيجي الشعر والعزف بجوج. كنت لحنت واحد générique ديال في قناة السادسة.,فوالا. ف فالغناء نعبر به أكثر على على الوجدان، على الوجدان اللي فيا، على الوجدان ديالي، على الأحاسيس اللي عندي، على داكشي اللي بغيت نوصلو للناس كن كنوصلو بالغناء أكثر من والتلحين كيجي من موراها علاش؟ لأن التلحين هو هو عندو علاقة بال بالغناء بطبيعة الحال، بطبيعة الحال. ثم كتجي العزف. كيجي كيجي الشعر والعزف بجوج. كنت لحنت واحد générique ديال في قناة السادسة.,Of Oujda,Mixed/Educated Moroccan Arabic,French,Male,2
audio/oujda/oujda-007.wav,oujda-007,oujda-7,oujda,Oujda_1-36_16k.wav,train,لحنت قطعتين. شنو هي شنو هي الفكرة لي راك باغي تخدم عليها مستقبلا فهادشي ديال المصور؟ يعني شنو شنو هي شنو هو التوجه ديالك لي غادي يكون مستقبلا؟ واش غادي واش غادي يكون برنامج؟ ولا غادي ولا غادي يكون كيما كنقولو حنايا غناء، يعني غادي تخدم على شي حاجة مصورة فالغناء، ولا غادي يكون برنامج؟ هو,لحنت قطعتين. شنو هي شنو هي الفكرة اللي راك باغي تخدم عليها مستقبلا فهادشي ديال المصور؟ يعني شنو شنو هي شنو هو التوجه ديالك اللي غادي يكون مستقبلا؟ واش غادي واش غادي يكون برنامج؟ ولا غادي ولا غادي يكون كيما كنقولو حنايا غناء، يعني غادي تخدم على شي حاجة مصورة في الغناء، ولا غادي يكون برنامج؟ هو,لحنت قطعتين. شنو هي شنو هي الفكرة اللي راك باغي تخدم عليها مستقبلا فهادشي ديال المصور؟ يعني شنو شنو هي شنو هو التوجه ديالك اللي غادي يكون مستقبلا؟ واش غادي واش غادي يكون برنامج؟ ولا غادي ولا غادي يكون كيما كنقولو حنايا غناء، يعني غادي تخدم على شي حاجة مصورة في الغناء، ولا غادي يكون برنامج؟ هو,Of Oujda,Mixed/Educated Moroccan Arabic,none,Male,2
audio/oujda/oujda-008.wav,oujda-008,oujda-8,oujda,Oujda_1-43_16k.wav,train,ولكن كنشوفو الواقع ديال المنطقة كتلقى واحد الركود واش محيت حنا هما يمكن لي جايين فحنا هما آخر مدينة محدودين الفكر ديالنا محدود ولكن الحمد لله كاين واحد كاين كاين بعض بعض نقولو حنا الشمعة كاين ناس كاين ناس كتخدم كاين الأمل الحمد لله يعني وخا كاين ركود بداو واحد la nouvelle génération,ولكن كنشوفو الواقع ديال المنطقة كتلقى واحد الركود واش محيت حنا هما يمكن لي جايين في حنا هما آخر مدينة محدودين الفكر ديالنا محدود ولكن الحمد لله كاين واحد كاين كاين بعض بعض نقولو حنا الشمعة كاين ناس كاين ناس كتخدم كاين الأمل الحمد لله هاد يعني وخا كاين ركود بداو واحد la nouvelle génération,ولكن كنشوفو الواقع ديال المنطقة كتلقى واحد الركود واش محيت حنا هما يمكن لي جايين في حنا هما آخر مدينة محدودين الفكر ديالنا محدود ولكن الحمد لله كاين واحد كاين كاين بعض بعض نقولو حنا الشمعة كاين ناس كاين ناس كتخدم كاين الأمل الحمد لله يعني وخا كاين ركود بداو واحد la nouvelle génération,Of Oujda,Mixed/Educated Moroccan Arabic,French,Male,2
audio/oujda/oujda-009.wav,oujda-009,oujda-9,oujda,Oujda_1-82_16k.wav,train,باش نتهنى من الطلوع والهبوط. بلاتي أخويا، دابا نتا علاش تتعطي هاد الرشوة هادي؟ أنا راه كنعرف شي ناس من العائلة ديالي حتى هوما وقع ليهم نفس هادشي لي وقع ليك. ولكن فاش اتصلو بالخط المباشر ديال رئاسة النيابة العامة، خداو حقهم وبالقانون. ها نتا، اتصل وقت ما بغيتي وبلغ على أي واحد طلب منك الرشوة. أجي. وأنا ما غادي يكون عندي حتى شي مشكل ولا مسؤولية إلى بلغت؟ لا ما تخافش، حيت القانون كيحمي المبلغين. وزايدون هاد الأمور,باش نتهنى من الطلوع والهبوط. بلاتي أخويا، دابا نتا علاش تتعطي هاد الرشوة هادي؟ أنا راه كنعرف شي ناس من العائلة ديالي حتى هوما وقع ليهم نفس هادشي اللي وقع ليك. ولكن فاش اتصلوا بالخط المباشر ديال رئاسة النيابة العامة، خداو حقهم وبالقانون. ها نتا، اتصل وقت ما بغيتي وبلغ على أي واحد طلب منك الرشوة. أجي. وأنا ما غادي يكون عندي حتى شي مشكل ولا مسؤولية إلى بلغت؟ لا ما تخافش، حيت القانون كيحمي المبلغين. وزايدون هاد الأمور,باش نتهنى من الطلوع والهبوط. بلاتي أخويا، دابا نتا علاش تتعطي هاد الرشوة هادي؟ أنا راه كنعرف شي ناس من العائلة ديالي حتى هوما وقع ليهم نفس هادشي اللي وقع ليك. ولكن فاش اتصلوا بالخط المباشر ديال رئاسة النيابة العامة، خداو حقهم وبالقانون. ها نتا، اتصل وقت ما بغيتي وبلغ على أي واحد طلب منك الرشوة. أجي. وأنا ما غادي يكون عندي حتى شي مشكل ولا مسؤولية إلى بلغت؟ لا ما تخافش، حيت القانون كيحمي المبلغين. وزايدون هاد الأمور,Of Casablanca,Mixed/Educated Moroccan Arabic,none,Male,2
audio/oujda/oujda-010.wav,oujda-010,oujda-10,oujda,Oujda_2-32_16k.wav,train,حالة النقاب إذا كانت المرأة تنتقب تزيل نقابها مثلا وقفازيها هذا عمل ظاهر ثم هناك عمل باللسان مباشرة هادي كلها في الإحرام هكذا يبدأ الإحرام بالنية والعمل الظاهري والعمل المنطوق المسموع الذي هو التلبية هذا كان يقوم به الرسول صلى الله عليه وسلم معاينة وهما يشوفو فيه فإذا هنا يقل الخطأ لأن المتابعة تكون,حالة النقاب إذا كانت المرأة تنتقب تزيل نقابها مثلا وقفازيها هذا عمل ظاهر ثم هناك عمل باللسان مباشرة هذه كلها في الإحرام هكذا يبدأ الإحرام بالنية والعمل الظاهري والعمل المنطوق المسموع الذي هو التلبية هذا كان يقوم به الرسول صلى الله عليه وسلم معاينة وهما يشوفوا فيه فإذا هنا يقل الخطأ لأن المتابعة تكون,حالة النقاب إذا كانت المرأة تنتقب تزيل نقابها مثلا وقفازيها هذا عمل ظاهر ثم هناك عمل باللسان مباشرة هذه كلها في الإحرام هكذا يبدأ الإحرام بالنية والعمل الظاهري والعمل المنطوق المسموع الذي هو التلبية هذا كان يقوم به الرسول صلى الله عليه وسلم معاينة وهما يشوفوا فيه فإذا هنا يقل الخطأ لأن المتابعة تكون,Of Casablanca,Standard Arabic,none,"Female,Male",2
audio/oujda/oujda-011.wav,oujda-011,oujda-11,oujda,Oujda_2-64_16k.wav,train,نعم صحيح هذا لها مكانتها ومباركة كما في القرآن الكريم. وشجرة الزيتون طبعا هذا من نعم الله سبحانه وتعالى على عباده. والشجر على العموم من البيئة والبيئة لا ينبغي إلحاق الضرر بها. ولكن إذا كانت الأعواد ليست في الشجرة فهذه يجوز حرقها واستعمالها والانتفاع بها إلى غير ذلك سواء كانت,نعم صحيح هذا لها مكانتها ومباركة كما في القرآن الكريم. وشجرة الزيتون طبعا هذا من نعم الله سبحانه وتعالى على عباده. والشجر على العموم من البيئة والبيئة لا ينبغي إلحاق الضرر بها. ولكن إذا كانت الأعواد ليست في الشجرة فهذه يجوز حرقها واستعمالها والانتفاع بها إلى غير ذلك سواء كانت زيت,نعم صحيح هذا لها مكانتها ومباركة كما في القرآن الكريم. وشجرة الزيتون طبعا هذا من نعم الله سبحانه وتعالى على عباده. والشجر على العموم من البيئة والبيئة لا ينبغي إلحاق الضرر بها. ولكن إذا كانت الأعواد ليست في الشجرة فهذه يجوز حرقها واستعمالها والانتفاع بها إلى غير ذلك سواء كانت,Of Casablanca,Standard Arabic,none,"Female,Male",2
audio/oujda/oujda-012.wav,oujda-012,oujda-12,oujda,Oujda_2-68_16k.wav,train,شبهه بإنسان يغتسل خمس مرات في نهر جار. وملي قال في نهر جار معناه الماء ديالو نقي. ماشي ماء ماشي راكد. هدا راه مقصود، هادي كلمة جار راه لها لها فيها معاني ودلالات، لها وظيفتها. فشبه من يصلي الفرائض الخمسة في أوقاتها بإنسان يستحم في واد ماؤه صاف نقي صاف.,شبهه بإنسان يغتسل خمس مرات في نهر جار. وملي قال في نهر جار معناه الماء ديالو نقي. ماشي ماء ماشي راكد. هذا راه مقصود، هذه كلمة جار راه لها لها فيها معاني ودلالات، لها وظيفتها. فشبه من يصلي الفرائض الخمسة في أوقاتها بإنسان يستحم في واد ماؤه صاف نقي صاف.,شبهه بإنسان يغتسل خمس مرات في نهر جار. وملي قال في نهر جار معناه الماء ديالو نقي. ماشي ماء ماشي راكد. هذا راه مقصود، هذه كلمة جار راه لها لها فيها معاني ودلالات، لها وظيفتها. فشبه من يصلي الفرائض الخمسة في أوقاتها بإنسان يستحم في واد ماؤه صاف نقي صاف.,Of Casablanca,Mixed/Educated Moroccan Arabic,none,"Female,Male",2
audio/oujda/oujda-013.wav,oujda-013,oujda-13,oujda,Oujda_3-02_16k.wav,train,فتيات السعيدية دفاع مراكش هذه هي المقابلات لي غادي تكون نهاية هذا الأسبوع الخاصة بآخر دورة من دورات كرة القدم للسيدات هي مفخرة الآن كان عندنا فريق فالقسم الأول نهضة بركان والآن نضافو لو فرق أخرى جوج هلال الناظور ماذا يعني لك أنت كفتاة الفتيات ديال جهة الشرق يصعدن إلى القسم,فتيات السعيدية دفاع مراكش هذه هي المقابلات اللي غادي تكون نهاية هذا الأسبوع الخاصة بآخر دورة من دورات كرة القدم للسيدات هي مفخرة الآن كان عندنا فريق في القسم الأول نهضة بركان والآن نضافوا له فرق أخرى جوج هلال الناظور ماذا يعني لك أنت كفتاة الفتيات ديال جهة الشرق يصعدن إلى القسم,فتيات السعيدية دفاع مراكش هذه هي المقابلات اللي غادي تكون نهاية هذا الأسبوع الخاصة بآخر دورة من دورات كرة القدم للسيدات هي مفخرة الآن كان عندنا فريق في القسم الأول نهضة بركان والآن نضافوا له فرق أخرى جوج هلال الناظور ماذا يعني لك أنت كفتاة الفتيات ديال جهة الشرق يصعدن إلى القسم,no_majority,Mixed/Educated Moroccan Arabic,none,"Female,Male",2
audio/oujda/oujda-014.wav,oujda-014,oujda-14,oujda,Oujda_3-56_16k.wav,train,محمد هنالك أحوال لا يمكن يعني هي لا يمكن أن تكون يعني ظاهرة في في الأحوال الجوية أو غيرها من الأمور إلا أنها أمور ترافقنا في منازلنا بمعنى إلا بغينا نتحدثو على امتحان كيفاش؟ التوقعات ديال الوالدين ديالهم من جهة، الصورة لي عندهم على النجاح والفشل من جهة ثانية، وكاين مجموعة من التلاميذ هنايا كيبانو لينا بلي راه,محمد هنالك احوال لا يمكن يعني هي لا يمكن ان تكون يعني ظاهرة في في الاحوال الجوية او غيرها من الامور الا انها امور ترافقنا في منازلنا بمعنى الى بغينا نتحدثوا على امتحان كيفاش؟ التوقعات ديال الوالدين ديالهم من جهة، الصورة اللي عندهم على النجاح والفشل من جهة ثانية، وكاين مجموعة من التلاميذ هنايا كيبانوا لينا بلي راهم,محمد هنالك احوال لا يمكن يعني هي لا يمكن ان تكون يعني ظاهرة في في الاحوال الجوية او غيرها من الامور الا انها امور ترافقنا في منازلنا بمعنى الى بغينا نتحدثوا على امتحان كيفاش؟ التوقعات ديال الوالدين ديالهم من جهة، الصورة اللي عندهم على النجاح والفشل من جهة ثانية، وكاين مجموعة من التلاميذ هنايا كيبانوا لينا بلي راه,no_majority,Mixed/Educated Moroccan Arabic,none,Female,1
audio/oujda/oujda-015.wav,oujda-015,oujda-15,oujda,Oujda_3-57_16k.wav,train,مبرّدين وما مهتمينش. أحيانا كيبان لك أودي هاد التلميذ هدا راه قابط البورطابل راه هادي، وراه خايف من الداخل، الداخل ديالو خايف ولكن ما كيبينش هاد الأمور هادي. أحيانا كتبان لنا في العصبية ديالتهم، أحيانا كتبان لنا، حنا حنا كنقولوا كآباء ولا كأمهات أولا كأولياء أمور أولا كغيرهم أن راه سوء التصرف أولا ما مربيش، لا راه ماشي ما مربيش، لا راه هداك الولد ماشي سيء السلوك، ولكن هذيك راها طريقة للتعبير على أنه راه متعب من الداخل، أنه يعاني,مبرّدين وما مهتمينش. أحيانا كيبان لك أودي هاد التلميذ هذا راه قابط البورطابل راه هادي، وراه خايف من الداخل، الداخل ديالو خايف ولكن ما كيبينش هاد الأمور هادي. أحيانا كتبان لنا في العصبية ديالتهم، أحيانا كتبان لنا، حنا حنا كنقولوا كآباء ولا كأمهات أولا كأولياء أمور أولا كغيرهم أن راه سوء التصرف أولا ما مربيش، لا راه ماشي ما مربيش، لا راه هذاك الولد ماشي سيء السلوك، ولكن هذيك راها طريقة للتعبير على أنه راه متعب من الداخل، أنه يعاني,مبرّدين وما مهتمينش. أحيانا كيبان لك أودي هاد التلميذ هذا راه قابط البورطابل راه هادي، وراه خايف من الداخل، الداخل ديالو خايف ولكن ما كيبينش هاد الأمور هادي. أحيانا كتبان لنا في العصبية ديالتهم، أحيانا كتبان لنا، حنا حنا كنقولوا كآباء ولا كأمهات أولا كأولياء أمور أولا كغيرهم أن راه سوء التصرف أولا ما مربيش، لا راه ماشي ما مربيش، لا راه هذاك الولد ماشي سيء السلوك، ولكن هذيك راها طريقة للتعبير على أنه راه متعب من الداخل، أنه يعاني,no_majority,Mixed/Educated Moroccan Arabic,none,Female,1
audio/oujda/oujda-016.wav,oujda-016,oujda-16,oujda,Oujda_3-58_16k.wav,train,من الداخل بشكل أو بآخر وراه مشدود يعني راه الأعصاب ديالو إلا بغينا نقولو وحتى داك الوقيتة لي كيشد فيها البورطابل ديالو راه ماشي المعنى ديالها أنه راه كيستهتر لنا بالدراسة أو لا أحيانا راه كيقولنا بلي راني راه بالعكس راه يتناسى كيحاول داك الضغط ديال الامتحان وهدا يبعد عليه ولو لدقائق لذلك أول حاجة خاصنا نديروها هنايا هي نقراو السلوك ديال لولاد ديالنا ماشي كل عناد معناتو أنه ماشي إلا بغينا نقولو,من الداخل بشكل أو بآخر وراه مشدود يعني راه الأعصاب ديالو إلا بغينا نقولو وحتى داك الوقيتة اللي كيشد فيها البورطابل ديالو راه ماشي المعنى ديالها أنه راه كيستهتر لنا بالدراسة أو لا أحيانا راه كيقولنا بلي راني راه بالعكس راه يتناسى كيحاول داك الضغط ديال الامتحان وهذا يبعد عليه ولو لدقائق لذلك أول حاجة خاصنا نديروها هنايا هي نقراو السلوك ديال الولاد ديالنا ماشي كل عناد معناته أنه ماشي إلا بغينا نقولو,من الداخل بشكل أو بآخر وراه مشدود يعني راه الأعصاب ديالو إلا بغينا نقولو وحتى داك الوقيتة اللي كيشد فيها البورطابل ديالو راه ماشي المعنى ديالها أنه راه كيستهتر لنا بالدراسة أو لا أحيانا راه كيقولنا بلي راني راه بالعكس راه يتناسى كيحاول داك الضغط ديال الامتحان وهذا يبعد عليه ولو لدقائق لذلك أول حاجة خاصنا نديروها هنايا هي نقراو السلوك ديال الولاد ديالنا ماشي كل عناد معناته أنه ماشي إلا بغينا نقولو,no_majority,Mixed/Educated Moroccan Arabic,none,"Female,Male",2
audio/oujda/oujda-017.wav,oujda-017,oujda-17,oujda,Oujda_3-61_16k.wav,train,الفشل بحال لي كيهرب، كيخاف، نتا راه أصلا من الأول كتقول له وا شحال ديال الآباء وديال الأمهات كيبقاو على ولادهم، وا شوف فلان شوف فلان، ديك شوف فلان وشوف فلان راه حنا من نهار بدينا هاد البرنامج وكتقرب وقيتة الإمتحانات وحنا كنعاودوها كنأكدوها، ما تقولش لوليداتك هاد الأسلوب هدا. هنا كيبان دور ديال الأسرة. بدل ما نبقى نقول لولدي مباشرة واش نتا كسول؟ واش عاجبك هاد الحالة لي راك فيها؟ واش ما باغيش تنجح؟ نقدر بسيط العبارة نسول داك الوليد ولا داك البنية ديالي شنو لي راه مقلقك؟ شوف راه,الفشل بحال اللي كيهرب، كيخاف، نتا راه أصلا من الأول كتقول له وا شحال ديال الآباء وديال الأمهات كيبقاو على ولادهم، وا شوف فلان شوف فلان، ديك شوف فلان وشوف فلان راه حنا من نهار بدينا هاد البرنامج وكتقرب وقيتة الامتحانات وحنا كنعاودوها كنأكدوها، ما تقولش لوليداتك هاد الأسلوب هذا. هنا كيبان الدور ديال الأسرة. بدل ما نبقى نقول لولدي مباشرة واش نتا كسول؟ واش عاجبك هاد الحالة اللي راك فيها؟ واش ما باغيش تنجح؟ نقدر بسيط العبارة نسول داك الوليد ولا داك البنية ديالي شنو اللي راه مقلقك؟ شوف راه,الفشل بحال اللي كيهرب، كيخاف، نتا راه أصلا من الأول كتقول له وا شحال ديال الآباء وديال الأمهات كيبقاو على ولادهم، وا شوف فلان شوف فلان، ديك شوف فلان وشوف فلان راه حنا من نهار بدينا هاد البرنامج وكتقرب وقيتة الامتحانات وحنا كنعاودوها كنأكدوها، ما تقولش لوليداتك هاد الأسلوب هذا. هنا كيبان الدور ديال الأسرة. بدل ما نبقى نقول لولدي مباشرة واش نتا كسول؟ واش عاجبك هاد الحالة اللي راك فيها؟ واش ما باغيش تنجح؟ نقدر بسيط العبارة نسول داك الوليد ولا داك البنية ديالي شنو اللي راه مقلقك؟ شوف راه,Of Casablanca,Mixed/Educated Moroccan Arabic,none,"Female,Male",2
audio/oujda/oujda-018.wav,oujda-018,oujda-18,oujda,Oujda_3-78_16k.wav,train,ديالك محفز مزيان راه درتي هادي مزيانا هادشي هداك هو ما شوف الطفل كيف ما بغا يكون هاد الطفل هدا إلا وهو محتاج أنك تغدي النفس ديالو فقد ما غرستي هادشي هدا فيه وحاولتي أنك تبين لو أنه يقوم بتصرفات جيدة وأنه مهما كانت الأمور فهو راه يعني داك النتيجة ديالتو راها فعلا غادي تحدد المستقبل ديالو خصنا شوف نربطو,ديالك محفز مزيان راه درتي هادي مزيانة هادشي هذاك هو ما شوف الطفل كيف ما بغا يكون هاد الطفل هذا إلا وهو محتاج أنك تغدي النفس ديالو فقد ما غرستي هادشي هذا فيه وحاولتي أنك تبين له أنه يقوم بتصرفات جيدة وأنه مهما كانت الأمور فهو راه يعني داك النتيجة ديالته راها فعلا غادي تحدد المستقبل ديالو خصنا شوف نربطو,ديالك محفز مزيان راه درتي هادي مزيانه هادشي هذاك هو ما شوف الطفل كيف ما بغا يكون هاد الطفل هذا إلا وهو محتاج أنك تغدي النفس ديالو فقدما غرستي هادشي هذا فيه وحاولتي أنك تبين له أنه يقوم بتصرفات جيدة وأنه مهما كانت الأمور فهو راه يعني داك النتيجة ديالتو راها فعلا غادي تحدد المستقبل ديالو خصنا شوف نربطو,Of Casablanca,Mixed/Educated Moroccan Arabic,none,"Female,Male",2
audio/oujda/oujda-019.wav,oujda-019,oujda-19,oujda,Oujda_3-100_16k.wav,train,راه الأحلام ديالهم غادي تمشي فزيرو، لا. من الأفضل أننا نقولو لولدنا هنايا فهاد اللحظة، حنا كنفتخرو بالجهد ديالك. راك فعلا هادشي هدا باغيينك تنجح، ولكن مي هاد النتيجة هادي ما كتختصرش الحب ديالنا ليك. فهمتي؟ هاد الجملة هادي بوحدها قادرة أنها تنقص داك الحمل الكبير وتحيد داك الولد ديالنا من داك الحالة لي راه فيها. راك أنت هو كلشي، راك أنت، اه. ولكن ما تقولهاش ليه بداك الطريقة، راك كتهضر مع مراهق. ما راكش كتهضر,راه الأحلام ديالهم غادي تمشي في الزيرو، لا. من الأفضل أننا نقولوا لولدنا هنايا في هذه اللحظة، حنا كنفتخروا بالجهد ديالك. راك فعلا هادشي هذا باغيينك تنجح، ولكن مي هاد النتيجة هادي ما كتختصرش الحب ديالنا ليك. فهمتي؟ هاد الجملة هادي بوحدها قادرة أنها تنقص داك الحمل الكبير وتحيد داك الولد ديالنا من داك الحالة اللي راه فيها. راك أنت هو كلشي، راك أنت، اه. ولكن ما تقولهاش ليه بداك الطريقة، راك كتهضر مع مراهق. ما راكش كتهضر,راه الأحلام ديالهم غادي تمشي في الزيرو، لا. من الأفضل أننا نقولوا لولدنا هنايا في هذه اللحظة، حنا كنفتخروا بالجهد ديالك. راك فعلا هادشي هذا باغيينك تنجح، ولكن مي هاد النتيجة هادي ما كتختصرش الحب ديالنا ليك. فهمتي؟ هاد الجملة هادي بوحدها قادرة أنها تنقص داك الحمل الكبير وتحيد داك الولد ديالنا من داك الحالة اللي راه فيها. راك أنت هو كلشي، راك أنت، اه. ولكن ما تقولهاش ليه بداك الطريقة، راك كتهضر مع مراهق. ما راكش كتهضر,no_majority,Mixed/Educated Moroccan Arabic,none,"Female,Male",2
audio/oujda/oujda-020.wav,oujda-020,oujda-20,oujda,Oujda_3-162_16k.wav,train,قبل ردود الفعل. أصبحت نموذجا يحتذى به في عديد من الدول. التجربة المغربية في المجال الأمني أصبحت علامة مهمة تبين إلى أي حد أن المغرب عمل على الإستفادة من خبرات علمية وعملية من العمل على أن يكون فاعلا وقويا و قادرا على,قبل ردود الفعل. أصبحت نموذجا يحتذى به في عديد من الدول. التجربة المغربية في المجال الأمني أصبحت علامة مهمة تبين إلى أي حد أن المغرب عمل على الاستفادة من خبرات علمية وعملية من العمل على أن يكون فاعلا وقويا و قادرا على,قبل ردود الفعل. أصبحت نموذجا يحتذى به في عديد من الدول. التجربة المغربية في المجال الأمني أصبحت علامة مهمة تبين إلى أي حد أن المغرب عمل على الاستفادة من خبرات علمية وعملية من العمل على أن يكون فاعلا وقويا و قادرا على,Of Casablanca,Standard Arabic,none,Male,1
audio/oujda/oujda-021.wav,oujda-021,oujda-21,oujda,Oujda_3-191_16k.wav,train,مقارنة ب سيمانة لي دازت. بحال الشاري عاد دخل. لا الخير موجود و الثمن كاين تاني. و الغلا. الغلا تزايد. مية هو مية و ربعين و صغيور مية و خمسين شنو غاتشري. راه طالع أخويا بواحد 1000 درهم تقريبا فالحولي. 500 درهم فالرقيق. 1000 1000 درهم 1500 درهم فالغليض. و الرقيق زايدا فيه هادي 1000 درهم. كتراوح ما بين 50 و طلع الفوق درويش فين فين يعيد. إلى بغيتي تعيد,مقارنة ب السيمانة اللي دازت. بحال الشاري عاد دخل. لا الخير موجود و الثمن كاين تاني. و الغلا. الغلا تزايد. مية هو مية و ربعين و صغيور مية و خمسين شنو غاتشري. راه طالع أخويا بواحد 1000 درهم تقريبا فالحولي. 500 درهم فالرقيق. 1000 1000 درهم 1500 درهم فالغليض. و الرقيق زايدة فيه هادي 1000 درهم. كتراوح ما بين 50 و طلع الفوق الدرويش فين فين يعيد. إلى بغيتي تعيد,مقارنة ب السيمانة اللي دازت. بحال الشاري عاد دخل. لا الخير موجود و الثمن كاين تاني. و الغلا. الغلا تزايد. مية هو مية و ربعين و صغيور مية و خمسين شنو غاتشري. راه طالع أخويا بواحد 1000 درهم تقريبا فالحولي. 500 درهم فالرقيق. 1000  درهم 1500 درهم فالغليض. و الرقيق زايدة فيه هادي 1000 درهم. كتراوح ما بين 50 و طلع الفوق الدرويش فين فين يعيد. إلى بغيتي تعيد,Of Casablanca,Moroccan Arabic,none,Male,3+
audio/oujda/oujda-022.wav,oujda-022,oujda-22,oujda,Oujda_3-212_16k.wav,train,جوج سلسلات د العنق من نوع الحلبي ومعلق فشي وحدة فيهم مصحف كبير. وما تنساش تجيب لها سلسلة ديال الراجل حتى هي حيت راه ولات موضة هاد الساعة. وما تنساش ملي تلبس التكاشط غادي يخصها مضمة خليجية. وهادو كلهم يكونوا ديال الذهب من عيار واحد وعشرين. أوه أوه أوه أوه أ سي الجيلالي أ سي الجيلالي الله يهديك. وماشي لقيتو الراجل مسكين درويش وسكوتي وبغيتو تاكلوه وتجغمطوه في مرة. أسيد,جوج سلسلات د العنق من نوع الحلبي ومعلق فشي وحدة فيهم مصحف كبير. وما تنساش تجيب لها سلسلة ديال الراجل حتى هي حيت راه ولات موضة هاد الساعة. وما تنساش ملي تلبس التكاشط غادي يخصها مضمة خليجية. وهادو كلهم يكونوا ديال الذهب من عيار واحد وعشرين. أوه أوه أوه أوه أوه أ- السي الجيلالي السي الجيلالي الله يهديك. وماشي لقيتو الراجل مسكين درويش وسكوتي وبغيتو تاكلوه وتجغمطوه في مرة. أسيدي,جوج سلسلات د العنق من نوع الحلبي ومعلق فشي وحدة فيهم مصحف كبير. وما تنساش تجيب لها سلسلة ديال الراجل حتى هي حيت راه ولات موضة هاد الساعة. وما تنساشي ملي تلبس التكاشط غادي يخصها مضمة خليجية. وهادو كلهم يكونوا ديال الذهب من عيار واحد وعشرين. أوه أوه أوه أوه أوه أوه  أ- السي الجيلالي السي الجيلالي الله يهديك. وماشي لقيتو الراجل مسكين درويش وسكوتي وبغيتو تاكلوه وتجغمطوه في مرة. أجي,Other,Moroccan Arabic,none,"Female,Male",2
audio/oujda/oujda-023.wav,oujda-023,oujda-23,oujda,Oujda_3-220_16k.wav,train,وفالحقيقة أختي هو راه شاريك ومستعد يضحي بكلشي على ودك. ولكن نتيا واش زعما غادي تحبيه بحال لي كيحبك؟ ما نخبيش عليك أختي سامية. شحال هادي وأنا كنحبو. غير كنت كنتفشش عليه. بالحق اليوم تزاد حبي ليه. وليت حتى أنا مستعدة نضحي معاه بكلشي. ايوا. دابا على خاطرك؟ بارك الله فيك أ ماما. عندك يسحاب لك أ بنيتي أنا واقفة فطريقك. بالعكس. أنا راه بغيت غير سعادتك.,وفي الحقيقة أختي هو راه شاريك ومستعد يضحي بكلشي على ودك. ولكن نتيا واش زعما غادي تحبيه بحال اللي كيحبك؟ ما نخبيش عليك أختي سامية. شحال هادي وأنا كنحبه. غير كنت كنتفشش عليه. بالحق اليوم تزاد حبي ليه. وليت حتى أنا مستعدة نضحي معاه بكلشي. ايوا. دابا على خاطرك؟ بارك الله فيك أ ماما. عندك يسحاب لك أ بنيتي أنا واقفة في طريقك. بالعكس. أنا راه بغيت غير سعادتك.,وفي الحقيقة أختي هو راه شاريك ومستعد يضحي بكلشي على ودك. ولكن نتيا واش زعما غادي تحبيه بحال اللي كيحبك؟ ما نخبيش عليك أختي سامية. شحال هادي وأنا كنحبه. غير كنت كنتفشش عليه. بالحق اليوم تزاد حبي ليه. وليت حتى أنا مستعدة نضحي معاه بكلشي. ايوا. دابا على خاطرك؟ بارك الله فيك أ ماما. عندك يسحاب لك أ بنيتي أنا واقفة في طريقك. بالعكس. أنا راه بغيت غير سعادتك.,Of Casablanca,Moroccan Arabic,none,Female,2
audio/oujda/oujda-024.wav,oujda-024,oujda-24,oujda,Oujda_3-223_16k.wav,train,إيوا لاواه، حتى فالخطوبة كنتو تعرضو عليا، باش غير نهضر مع عائلة العريس، حيت عارفك نتي كتحشمي. أشمن عائلة العريس؟ هذا راه مقطوع من شجرة، لا بو لا أم لا خو لا خت. آه، هذا هو العريس وإلا فلا. كون غير جاب لي ربي لبنيتي حتى أنا شي عريس بحالو. أويلي، بنتك راها باقا عندها غير تلطاش العام، باقا بعيدة على الزواج. الزواج أ لالة خاصو يكون فالصغر، ماشي فالكبر، باش لولاد كيكبرو مقادين مع باواتهم. إيوا الله,إيوا لاواه، حتى في الخطوبة كنتو تعرضو عليا، باش غير نهضر مع عائلة العريس، حيت عارفك نتي كتحشمي. أشمن عائلة العريس؟ هذا راه مقطوع من شجرة، لا بو لا أم لا خو لا خت. آه، هذا هو العريس وإلا فلا. كون غير جاب لي ربي لبنيتي حتى أنا شي عريس بحالو. أويلي، بنتك راها باقا عندها غير تلطاش العام، باقا بعيدة على الزواج. الزواج أ لالة خاصو يكون في الصغر، ماشي في الكبر، باش الولاد كيكبرو مقادين مع باواتهم. إيوا الله,إيوا لاواه، حتى في الخطوبة كنتو تعرضو عليا، باش غير نهضر مع عائلة العريس، حيت عارفاك نتي كتحشمي. أشمن عائلة العريس؟ هذا راه مقطوع من شجرة، لا بو لا أم لا خو لا خت. آه، هذا هو العريس وإلا فلا. كون غير جاب لي ربي لبنيتي حتى أنا شي عريس بحالو. أويلي، بنتك راها باقا عندها غير تلطاش العام، باقا بعيدة على الزواج. الزواج أ لالة خاصو يكون في الصغر، ماشي في الكبر، باش الولاد كيكبرو مقادين مع باواتهم. إيوا الله,Of Casablanca,Moroccan Arabic,none,Female,2
audio/oujda/oujda-025.wav,oujda-025,oujda-25,oujda,Oujda_3-229_16k.wav,train,حمرتي وجهي قدام عائلتي. ولكن هاديك الشروط راه غير قالتهم مي باش زعما تعكزك. ولكن نتا كنتي راجل. ما خليتي ليها فين تهضر. شوفي يا لالة إلهام. أنا راه قلت ليك بلي نتي هي أعز حاجة عندي فهاد الدنيا. وأنا مستعد نضحي بعمري على ودك. لا خويا علال. لي قدرتي عليها ديرها. ولي جاتك صعيبة بلا بيها. إيوا حتى حاجة ما عندي صعيبة. المهم قولي ليا,حمرتي وجهي قدام عائلتي. ولكن هاديك الشروط راه غير قالتهم مي باش زعما تعكزك. ولكن نتا كنتي راجل. ما خليتي ليها فين تهضر. شوفي يا لالة إلهام. أنا راه قلت ليك بلي نتي هي أعز حاجة عندي فهاد الدنيا. وأنا مستعد نضحي بعمري على ودك. لا خويا علال. اللي قدرتي عليها ديرها. واللي جاتك صعيبة بلا بيها. إيوا حتى حاجة ما عندي صعيبة. المهم قولي ليا,حمرتي وجهي قدام عائلتي. ولكن هاديك الشروط راه غير قالتهم مي باش زعما تعكزك. ولكن نتا كنتي راجل. ما خليتي ليها فين تهضر. شوفي يا لالة إلهام. أنا راه قلت ليك بلي نتي هي أعز حاجة عندي فهاد الدنيا. وأنا مستعد نضحي بعمري على ودك. لا خويا علال. اللي قدرتي عليها ديرها. واللي جاتك صعيبة بلا بيها. إيوا حتى حاجة ما عندي صعيبة. المهم قولي ليا,Of Casablanca,Moroccan Arabic,none,"Female,Male",2
audio/oujda/oujda-026.wav,oujda-026,oujda-26,oujda,Oujda_3-231_16k.wav,train,العرس. لا غير خلي كلشي حتى لصيف لي قلت ليك. ايوا أنا مازال كنتسنى واحد صاحبي يصيفط ليا السلعة باش نسلكها ليه. وعلاش ما ديرش بناقص منها؟ أنا بغيت نعملها، ولكن خممت زعما نجمع شوية ديال الفلوس نقدو بهم نبداو الحياة الشريفة، ها؟ ايوا خويا حضي راسك، راه دابا وليتي مسؤول عليا ولا لا؟ معلوم، أنا,العرس. لا غير خلي كلشي حتى للصيف اللي قلتي لي. ايوا أنا مازال كنتسنى واحد صاحبي يصيفط ليا السلعة باش نسلكها ليه. وعلاش ما ديرش بناقص منها؟ أنا بغيت نعملها، ولكن خممت زعما نجمع شوية ديال الفلوس نقدو بهم نبداو الحياة الشريفة، ها؟ ايوا خويا حضي راسك، راه دابا وليتي مسؤول عليا ولا لا؟ معلوم، أنا,العرس. لا غير خلي كلشي حتى للصيف اللي قلت ليك. ايوا أنا مازال كنتسنى واحد صاحبي يصيفط ليا السلعة باش نسلكها ليه. وعلاش ما ديرش بناقص منها؟ أنا بغيت نعملها، ولكن خممت زعما نجمع شوية ديال الفلوس نقدو بهم نبداو الحياة الشريفة، ها؟ ايوا خويا حضي راسك، راه دابا وليتي مسؤول عليا ولا لا؟ معلوم، أنا,Of Casablanca,Moroccan Arabic,none,"Female,Male",2
audio/oujda/oujda-027.wav,oujda-027,oujda-27,oujda,Oujda_4-16_16k.wav,train,التلقيح الوقائية لي كتقوم بها المصالح البيطرية التابعة للمكتب الوطني للسلامة الصحية للمنتجات الغذائية. هادشي كيتم يعني بالتعاون مع البياطرة الخواص وكذلك السلطات المحلية. هاد العمليات ديال التلقيح الحمد لله كيما قلت لك يعني هما لي خلاو هاد القطيع ديالنا يكون فواحد الحالة صحية. مثلا يعني الأواخر,التلقيح الوقائية اللي كتقوم بها المصالح البيطرية التابعة للمكتب الوطني للسلامة الصحية للمنتجات الغذائية. هادشي كيتم يعني بالتعاون مع البياطرة الخواص وكذلك السلطات المحلية. هاد العمليات ديال التلقيح الحمد لله كيما قلت لك يعني هما اللي خلاو هاد القطيع ديالنا يكون فواحد الحالة صحية. مثلا يعني الأواخر,التلقيح الوقائيه اللي كتقوم بها المصالح البيطريه التابعه للمكتب الوطني للسلامه الصحيه للمنتجات الغذائيه. هادشي كيتم يعني بالتعاون مع البياطره الخواص وكذلك السلطات المحليه. هاد العمليات ديال التلقيح الحمد لله كيما قلت لك يعني هما اللي خلاو هاد القطيع ديالنا يكون فواحد الحاله صحيه. مثلا يعني الاواخر,Of Casablanca,Mixed/Educated Moroccan Arabic,none,"Female,Male",2
audio/oujda/oujda-028.wav,oujda-028,oujda-28,oujda,Oujda_4-17_16k.wav,train,ديال العام لي داز كانت واحد الحملة ديال التلقيح ديال الحمى القلاعية كانت أيضا كانت تلقيح ضد التسممات المعوية وكان العلاج ديال الأغنام والماعز ضد الطفيليات الداخلية والخارجية. هاد الحملة كانت ف 2025 من من شتنبر حتال دجنبر. وكانت أيضا واحد الحملة هاد العام حتى هي كانت ضد الحمى القلاعية وكان التلقيح هاد العام يعني,ديال العام اللي داز كانت واحد الحملة ديال التلقيح ديال الحمى القلاعية كانت أيضا كانت تلقيح ضد التسممات المعوية وكان العلاج ديال الأغنام والماعز ضد الطفيليات الداخلية والخارجية. هذه الحملة كانت في 2025 من من شتنبر حتى لدجنبر. وكانت أيضا واحد الحملة هذا العام حتى هي كانت ضد الحمى القلاعية وكان التلقيح هذا العام يعني,ديال العام اللي داز كانت واحد الحملة ديال التلقيح ديال الحمى القلاعية كانت أيضا كانت تلقيح ضد التسممات المعوية وكان العلاج ديال الأغنام والماعز ضد الطفيليات الداخلية والخارجية. هذه الحملة كانت في 2025 من من شتنبر حتى لدجنبر. وكانت أيضا واحد الحملة هذا العام حتى هي كانت ضد الحمى القلاعية وكان التلقيح هذا العام يعني,Of Casablanca,Mixed/Educated Moroccan Arabic,none,"Female,Male",2
audio/oujda/oujda-029.wav,oujda-029,oujda-29,oujda,Oujda_4-24_16k.wav,train,الخاص بهاد المناسبة كيما قلت لك يعني المراقبة هي كتكون ديما مستمرة نعم ولكن منين كيقرب العيد كيكون كيدار واحد البرنامج الخاص يعني بعيد الأضحى المبارك باش هاد الشعيرة الدينية تمر فأحسن الظروف فهاد الإطار المكتب قام بالتسجيل ديال الكسابة هاد التسجيل بدا من من يناير هاد التسجيل كيخص الكسابة لي كيسمّنوا الأغنام ديالهم,الخاص بهاد المناسبة كيما قلت لك يعني المراقبة هي كتكون ديما مستمرة نعم ولكن منين كيقرب العيد كيكون كيدار واحد البرنامج الخاص يعني بعيد الأضحى المبارك باش هاد الشعيرة الدينية تمر في أحسن الظروف فهاد الإطار المكتب قام بالتسجيل ديال الكسابة هاد التسجيل بدا من من يناير هاد التسجيل كيخص الكسابة اللي كيسمّنوا الأغنام ديالهم,الخاص بهاد المناسبة كيما قلت لك يعني المراقبة هي كتكون ديما مستمرة نعم ولكن منين كيقرب العيد كيكون كيدار واحد البرنامج الخاص يعني بعيد الأضحى المبارك باش هاد الشعيرة الدينية تمر في أحسن الظروف فهاد الإطار المكتب قام بالتسجيل ديال الكسابة هاد التسجيل بدا من من يناير هاد التسجيل كيخص الكسابة اللي كيسمّنوا الأغنام ديالهم,Of Casablanca,Mixed/Educated Moroccan Arabic,none,"Female,Male",2
audio/oujda/oujda-030.wav,oujda-030,oujda-30,oujda,Oujda_4-67_16k.wav,train,قبل ما نذكرو ندوزو يعني للحفاظ بغيت غير نشير لواحد القضية أن بالنسبة للسقيطة ديالنا يعني اللون ديالها الطبيعي كيكون هو لون وردي ياك وإلا مشى المستهلك لقى شي كريات ولا نقيطات ولا أكياس ولا طفيليات بحال مثلا فالكبدة مثلا منين كنشرحوها كنلقاو واحد شي طفيليات خضرين طفيليات كيقولو فو فرطوطو كيقولو ليها بالدارجة إلا كانوا هاد الطفيليات قلال نحيدوهم إلا كان,قبل ما نذكروا ندوزوا يعني للحفاظ بغيت غير نشير لواحد القضية أن بالنسبة للسقيطة ديالنا يعني اللون ديالها الطبيعي كيكون هو لون وردي ياك وإلا مشى حتى المستهلك لقى شي كريات ولا نقيطات ولا أكياس ولا طفيليات بحال مثلا في الكبدة مثلا منين كنشرحوها كنلقاو واحد شي طفيليات خضرين طفيليات كيقولوا فوفطوطو كيقولوا ليها بالدارجة إلا كانوا هاد الطفيليات قلال نحيدوهم إلا كان,قبل ما نذكروا ندوزوا يعني للحفاظ بغيت غير نشير لواحد القضية أن بالنسبة للسقيطة ديالنا يعني اللون ديالها الطبيعي كيكون هو لون وردي ياك وإلا مشى المستهلك لقى شي كريات ولا نقيطات ولا أكياس ولا طفيليات بحال مثلا في الكبدة مثلا منين كنشرحوها كنلقاو واحد شي طفيليات خضرين طفيليات كيقولوا فوفطوطو كيقولوا ليها بالدارجة إلا كانوا هاد الطفيليات قلال نحيدوهم إلا كان,Of Casablanca,Mixed/Educated Moroccan Arabic,none,"Female,Male",2
audio/oujda/oujda-031.wav,oujda-031,oujda-31,oujda,Oujda_4-175_16k.wav,train,خوها وهي عاشت معاه فدارهم. واش تا يوقع هنا؟ كتبقى تجنب في راسها، كتبقى تقول علاش هاد التفضيل دائما كيتفضل الذكر على الأنثى؟ علاش إلى ما بغيناش حنا نوعاو ونديرو المساواة؟ راه رب العالمين منين خلق آدم، خلق له أمنا حواء، منين خلقها له؟ من الضلع دياله باش تكون قريبة له للقلب، ما خلقها لوش من جهة راسو باش ما تكونش مقادة معاه، وما خلقها لوش من رجله باش ما يزطمش عليها. هنا هدا,خوها وهي عاشت معاه في دارهم. واش تا يوقع هنا؟ كتبقى تجبد في راسها، كتبقى تقول علاش هذا التفضل دائما كيتفضل الذكر على الأنثى؟ علاش إلى ما بغيناش حنا نوعاو ونديرو المساواة؟ راه رب العالمين منين خلق آدم، خلق له أمنا حواء، منين خلقها له؟ من الضلع دياله باش تكون قريبة لو للقلب، ما خلقها لوش من جهة راسو باش ما تكونش مقادة معاه، وما خلقها لوش من رجله باش ما يزطمش عليها. هنا هذا,خوها وهي عاشت معاه في دارهم. واش تا يوقع هنا؟ كتبقى تجبد في راسها، كتبقى تقول علاش هذا التفضيل دائما كيتفضل الذكر على الأنثى؟ علاش إلى ما بغيناش حنا نوعاو ونديرو المساواة؟ راه رب العالمين منين خلق آدم، خلق له أمنا حواء، منين خلقها له؟ من الضلع دياله باش تكون قريبة له للقلب، ما خلقها لوش من جهة راسه باش ما تكونش مقادة معاه، وما خلقها لوش من رجله باش ما يسطمش عليها. هنا هذا,Of Oujda,Mixed/Educated Moroccan Arabic,none,Female,1
audio/oujda/oujda-032.wav,oujda-032,oujda-32,oujda,Oujda_4-202_16k.wav,train,سوي يجب أن نتأمل ولا أكثر لا أتكلم بالرغم من أننا في بعض الأحيان نتألم. من منا أستاذة خديجة الآن أتحدث عن البعض يتصفح الكتب ويتقرب من القراءة. الحبر والورق والقلم. الأخلاق، المبادئ والقيم. لا نبتعد ونتغرب في الشبكة العنكبوتية وفي الفضاء الافتراضي.,سوي يجب أن نتأمل ولا أكثر نتكلم بالرغم من أننا في بعض الأحيان نتألم. من منا أستاذة خديجة الآن أتحدث عن البعض يتصفح الكتب ويتقرب من القراءة. الحبر والورق والقلم. الأخلاق، المبادئ والقيم. لا نبتعد ونتغرب في الشبكة العنكبوتية وفي الفضاء الافتراضي.,سوي يجب أن نتأمل ولا أكثر لا أتكلم بالرغم من أننا في بعض الأحيان نتألم. من منا أستاذة خديجة الآن أتحدث عن البعض يتصفح الكتب ويتقرب من القراءة. الحبر والورق والقلم. الأخلاق، المبادئ والقيم. لا نبتعد ونتغرب في الشبكة العنكبوتية وفي الفضاء الافتراضي.,Of Casablanca,Standard Arabic,none,Male,1
audio/oujda/oujda-033.wav,oujda-033,oujda-33,oujda,Oujda_4-251_16k.wav,train,تسعين 1994 مدة 11 سنة غبت عن التحكيم وصدفة التقيت بسي محمد الميموني قالك راه عندنا الاختبار البدني اجتازيت الاختبار البدني نجحت فالاختبار البدني وقبلك سي بن قدة على أنك، جزاه الله خيرا، 11 سنة يعني صافي باراكا عليك ولكن أنت غبت 11 سنة وقبلوك الإخوان سي بن قدة والعصبة وكاع الإخوان لي كانو في,تسعين 1994 مدة 11 سنة غبت عن التحكيم وصدفة التقيت بالسي محمد الميموني قال لك راه عندنا الاختبار البدني اجتازيت الاختبار البدني نجحت في الاختبار البدني وقبلك السي بن قدة على أنك جزاه الله خيرا 11 سنة يعني صافي باراكا عليك ولكن أنت غبت 11 سنة وقبلوك الإخوان السي بن قدة والعصبة وكاع الإخوان اللي كانوا في,تسعين 1994 مدة 11 سنة غبت عن التحكيم وصدفة التقيت بالسي محمد الميموني قال لك راه عندنا الاختبار البدني اجتازيت الاختبار البدني نجحت في الاختبار البدني وقبلك السي بن قدة على أنك الله خيرا 11 سنة يعني صافي باراكا عليك ولكن أنت غبت 11 سنة وقبلوك الإخوان السي بن قدة والعصبة وكاع الإخوان اللي كانوا في,Of Oujda,Mixed/Educated Moroccan Arabic,none,Male,2
audio/oujda/oujda-034.wav,oujda-034,oujda-34,oujda,Oujda_4-254_16k.wav,train,résultat لي نعطيو لهاد المقابلة. وهنا واحد المفارقة كبيرة أنني مارست 11 سنة وحبست 11 سنة. يعني من 1983 حتى ل 94، 11 سنة نتاع la trêve، يعني ابتعاد كلي عن ميدان نحدوها زمنيا 83 حتى ل 84. حتى ل 94. لا 83 حتى ل 84 كانت الأمور بسلام، كنت في التحكيم. من 84,résultat اللي نعطيو لهاد المقابلة. وهنا واحد المفارقة كبيرة أنني مارست 11 سنة وحبست 11 سنة. يعني من 1983 حتى ل 94، 11 سنة نتاع la trêve، يعني ابتعاد كلي عن ميدان نحدوها زمنيا 83 حتى ل 84. حتى ل 94. لا 83 حتى ل 84 كانت الأمور بسلام، كنت في التحكيم. من 84,résultat اللي نعطيو لهاد المقابلة. وهنا واحد المفارقة كبيرة أنني مارست 11 سنة وحبست 11 سنة. يعني من 1983 حتى ل 94، 11 سنة نتاع la trêve، يعني ابتعاد كلي عن ميدان نحدوها زمنيا 83 حتى ل 84. حتى ل 94. لا 83 حتى ل 84 كانت الأمور بسلام، كنت في التحكيم. من 84,Of Oujda,Mixed/Educated Moroccan Arabic,none,Male,2
audio/oujda/oujda-035.wav,oujda-035,oujda-35,oujda,Oujda_4-272_16k.wav,train,فالأمل. ولعبت مقابلة الثالثة نهضة زايو فتح هلال الناظور بزايو مع سي محمد الكحل. منين قارنت المقابلات ديال الوسط وداكشي جا عندي سي بن قدة الله يذكرو بخير قال لي غادي تمشي فحكم. قلت له سي بن قدة ما يمكنليش. قالي علاش؟ قلت لو أنا راني جاي فواحد الفترة لي أولا السن ديالي وصل خمسة وثلاثين سنة، ثانيا,في الأمل. ولعبت مقابلة الثالثة نهضة زايو فتح هلال الناظور بزايو مع السي محمد الكحل. منين قارنت المقابلات ديال الوسط وداكشي جا عندي السي بن قدة الله يذكره بخير قال لي غادي تمشي في حكم. قلت له السي بن قدة ما يمكنليش. قال لي علاش؟ قلت له أنا راني جاي فواحد الفترة اللي أولا السن ديالي وصل خمسة وثلاثين سنة، ثانيا,في الأمل. ولعبت مقابلة الثالثة نهضة زايو فتح هلال الناظور بزايو مع السي محمد الكحل. منين قارنت المقابلات ديال الوسط وداكشي جا عندي السي بن قدة الله يذكره بخير قال لي غادي تمشي في حكم. قلت له السي بن قدة ما يمكنليش. قال لي علاش؟ قلت له أنا راني جاي فواحد الفترة اللي أولا السن ديالي وصل خمسة وثلاثين سنة، ثانيا,Of Oujda,Mixed/Educated Moroccan Arabic,none,Male,1
audio/oujda/oujda-036.wav,oujda-036,oujda-36,oujda,Oujda_4-273_16k.wav,train,راه أمامي واحد المجموعة من الأسماء وأسماء قلت لك عشر سنوات عشر سنوات ومجموعة من الأسماء وأسماء وازنة فديك الساعة نذكر منهم سي الطويل، نذكر منهم سي بوشيخي، نذكر سي التواتي، نذكر سي معضاد، نذكر سي وينيس الله يرحمه. أه ميموني يعني واحد نقولك واحد خمسة عشر حكم ولا. وثاني حاجة كان سي ابراهيمي جاي فالطريق يعني أو وسي سعيد الطاهري. أول مقابلة حسيت بلي أنه شاب,أه أمامي واحد المجموعة من الأسماء وأسماء قلت لك عشر سنوات عشر سنوات ومجموعة من الأسماء وأسماء وازنة في ذيك الساعة نذكر منهم السي الطويل، نذكر منهم السي بوشيخي، نذكر السي التواتي، نذكر السي معضاد، نذكر السي وينيس الله يرحمه. أه ميموني يعني واحد نقول لك واحد خمسة عشر حكم ولا. وثاني حاجة كان السي ابراهيمي جاي في الطريق يعني أو والسي سعيد الطاهري. أول مقابلة حسيت باللي أنه شاب,أه أمامي واحد المجموعة من الأسماء وأسماء قلت لك عشر سنوات عشر سنوات ومجموعة من الأسماء وأسماء وازنة في ذيك الساعة نذكر منهم السي الطويل، نذكر منهم السي بوشيخي، نذكر السي التواتي، نذكر السي معضاد، نذكر السي وينيس الله يرحمه. أه ميموني يعني واحد نقول لك واحد خمسة عشر حكم ولا. وثاني حاجة كان السي ابراهيمي جاي في الطريق يعني أو والسي سعيد الطاهري. أول مقابلة حسيت باللي أنه شاب,Of Oujda,Mixed/Educated Moroccan Arabic,none,Male,2
audio/oujda/oujda-037.wav,oujda-037,oujda-37,oujda,Oujda_4-274_16k.wav,train,و وعندو عندو كيما نقولو les qualités نتاع l'arbitrage على مع العلم أنه هو سبعطاشر سنة هو حكم مساعد سي باخني. قلتلو سي بن قدامة غادي نخفها نمشي ندير هاد التخصص. زعما الحق قال لي mains et les pieds قلتلو لا. أنا هذا اختيار ويمكن راني مقتانع بالاختيار ديالي غادي نمشي حكم مساعد. وجاب الله التيسير. ستة وتسعين سبعة وتسعين لعبنا أول مقابلة نتاع يعني القسم الوطني الأول يعني بالضبط ثمنطاش خمس ثمنطاش,و وعندو عندو كيما نقولو les qualités نتاع l'arbitrage على مع العلم أنه هو سبعطاشر سنة هو حكم مساعد سي باخني. قلتلو سي بن قدا غادي نخفها نمشي ندير هاد التخصص. زعما الحق قال لي mains et les pieds قلتلو لا. أنا هذا اختيار ويمكن راني مقتانع بالاختيار ديالي غادي نمشي حكم مساعد. وجاب الله التيسير. ستة وتسعين سبعة وتسعين لعبنا أول مقابلة نتاع يعني القسم الوطني الأول يعني بالضبط ثمنطاش خمس ثمنطاش,و وعندو عندو كيما نقولو les qualités نتاع l'arbitrage على مع العلم أنه هو سبعطاشر سنة هو حكم مساعد سي باخني. قلتلو سي بن قدامة غادي نخفها نمشي ندير هاد التخصص. زعما الحق قال لي mains et les pieds قلتلو لا. أنا هذا اختيار ويمكن راني مقتانع بالاختيار ديالي غادي نمشي حكم مساعد. وجاب الله التيسير. ستة وتسعين سبعة وتسعين لعبنا أول مقابلة نتاع يعني القسم الوطني الأول يعني بالضبط ثمنطاش خمس ثمنطاش,Of Oujda,Mixed/Educated Moroccan Arabic,French,Male,1
audio/oujda/oujda-038.wav,oujda-038,oujda-38,oujda,Oujda_4-280_16k.wav,train,مقابلة. و ثاني مقابلة لعبت ثمن النهاية ديال كأس الكاف. فثاني مقابلة ديالي، يعني فالمسار ديالي الدولي لعبت ثاني مقابلة لعبت ثمن النهاية يعني مقابلة العودة ما بين بور سعيد المصري و Asante Kotoko الغاني. سالت المقابلة بواحد بواحد بواحد لصفر ف فالذهاب و فالإياب بواحد لصفر و مشاو للركلات الترجيح. انت جيتك وحدة، درت الثانية، المقابلة الثانية. المقابلة الثانية.,مقابلة. و ثاني مقابلة لعبت ثمن النهاية ديال كأس الكاف. في ثاني مقابلة ديالي، يعني في المسار ديالي الدولي لعبت ثاني مقابلة لعبت ثمن النهاية يعني مقابلة العودة ما بين بور سعيد المصري و Asante Kotoko الغاني. سالت المقابلة بواحد بواحد بواحد لصفر في في الذهاب و في الإياب بواحد لصفر و مشاو للركلات الترجيح. انت جيتك وحدة، درت الثانية، المقابلة الثانية. المقابلة الثانية.,مقابلة. و ثاني مقابلة لعبت ثمن النهاية ديال كأس الكاف. في ثاني مقابلة ديالي، يعني في المسار ديالي الدولي لعبت ثاني مقابلة لعبت ثمن النهاية يعني مقابلة العودة ما بين بور سعيد المصري و Asante Kotoko الغاني. سالت المقابلة بواحد بواحد بواحد لصفر في في الذهاب و في الإياب بواحد لصفر و مشاو للركلات الترجيح. انت جيتك وحدة، درت الثانية، المقابلة الثانية. المقابلة الثانية.,Of Oujda,Mixed/Educated Moroccan Arabic,French,Male,2
audio/oujda/oujda-039.wav,oujda-039,oujda-39,oujda,Oujda_4-373_16k.wav,train,تابعة للمكتب الوطني للسلامة الصحية للمنتجات الغذائية. هادشي كيتم يعني بالتعاون مع البياطرة الخواص وكذلك السلطات المحلية. هاد العمليات ديال التلقيح الحمد لله كيما قلت لك يعني هما لي خلاو هاد القطيع ديالنا يكون فواحد الحالة صحية. مثلا يعني الأواخر ديال العام لي داز كانت واحد الحملة ديال التلقيح ديال الحمى,بيطرية تابعة للمكتب الوطني للسلامة الصحية للمنتجات الغذائية. هادشي كيتم يعني بالتعاون مع البياطرة الخواص وكذلك السلطات المحلية. هاد العمليات ديال التلقيح الحمد لله كيما قلت لك يعني هما اللي خلاو هاد القطيع ديالنا يكون فواحد الحالة صحية. مثلا يعني الأواخر ديال العام اللي داز كانت واحد الحملة ديال التلقيح ديال الحمى,طبي تابعه للمكتب الوطني للسلامه الصحيه للمنتجات الغذائيه. هادشي كيتم يعني بالتعاون مع البياطره الخواص وكذلك السلطات المحليه. هاد العمليات ديال التلقيح الحمد لله كيما قلت لك يعني هما اللي خلاو هاد القطيع ديالنا يكون فواحد الحاله صحيه. مثلا يعني الاواخر ديال العام اللي داز كانت واحد الحمله ديال التلقيح ديال الحمى,Of Casablanca,Mixed/Educated Moroccan Arabic,none,"Female,Male",2
audio/oujda/oujda-040.wav,oujda-040,oujda-40,oujda,Oujda_4-379_16k.wav,train,فهاد المجال هدا. يعني هاد الحملات ديال التلقيح وداك كيما قلت لك كيكون المكتب هو لي كيوفر اللقاح والأطباء البياطرة هما لي كيقومو بالتلقيح يعني مع بالتنسيق بالتنسيق مع السلطات يعني المحلية. الإدارة الترابية. نعم. نعم. وهاد العام تم تلقيح ما يقارب مليون و900 رأس من الأغنام وما يقارب 650 رأس من الماعز.,فهاد المجال هذا. يعني هاد الحملات ديال التلقيح وداك كيما قلت لك كيكون المكتب هو اللي كيوفر اللقاح والأطباء البياطرة هما اللي كيقوموا بالتلقيح يعني مع بالتنسيق بالتنسيق مع السلطات يعني المحلية. الإدارة الترابية. نعم. نعم. وهاد العام تم تلقيح ما يقارب مليون و900 رأس من الأغنام وما يقارب 650 رأس من الماعز.,فهاد المجال هذا. يعني هاد الحملات ديال التلقيح وداك كيما قلت لك كيكون المكتب هو اللي كيوفر اللقاح والأطباء البياطرة هما اللي كيقوموا بالتلقيح يعني مع بالتنسيق بالتنسيق مع السلطات يعني المحلية. الإدارة الترابية. نعم. نعم. وهاد العام تم تلقيح ما يقارب مليون و900 رأس من الأغنام وما يقارب 650 رأس من الماعز.,Of Casablanca,Mixed/Educated Moroccan Arabic,none,"Female,Male",2
audio/tangier/tangier-001.wav,tangier-001,tangier-1,tangier,06Label_16k.wav,train,متوسطة ولا ميسورة كيبان لينا أو ما كنحسوش بهاد الأمر ولكن إمتا كتحس به لما كتكون أسرة عندها دخل متواضع نعم و بتأثير من الأطفال كنشوفو واحد الميزانية تخصص صحيح للصبيب ديال الإنترنت من أجل نعم يعني داخلة في الإهتمامات ممكن الناس تخلا لا أنا ما تخلصش مجموعة من الإلتزامات الشهرية ولكن لا كتقول لك الأم والأب ما نقدرش. نعيش. لأنه خصنا,متوسطة ولا ميسورة كيبان لينا أو ما كنحسوش بهذا الأمر ولكن إمتى كتحس به لما كتكون أسرة عندها دخل متواضع نعم و بتأثير من الأطفال كنشوفوا واحد الميزانية تخصص صحيح للصبيب ديال الإنترنت من أجل نعم يعني داخلة في الاهتمامات ممكن الناس تخل لا أنا ما تخلصش مجموعة من الالتزامات الشهرية ولكن لا كتقول لك الأم والأب ما نقدرش. نعيش. لأنه خصنا,متوسطة ولا ميسورة كيبان لينا أو ما كنحسوش بهذا الأمر ولكن إمتى كتحس به لما كتكون أسرة عندها دخل متواضع نعم و بتأثير من الأطفال كنشوفوا واحد الميزانية تخصص  للصبيب ديال الإنترنت من أجل يعني داخلة في الاهتمامات ممكن الناس تخل لا أنا ما تخلصش مجموعة من الالتزامات الشهرية ولكن لا كتقول لك الأم والأب ما نقدرش لأنه خصنا,Of Casablanca,Mixed/Educated Moroccan Arabic,none,"Female,Male",2
audio/tangier/tangier-002.wav,tangier-002,tangier-2,tangier,09Label_16k.wav,train,العنف فالشارع. العنف فالشارع. للأسف. وما كاينش ما كاينش إضافة إلى ذلك واحد النوع ديال ديال سميتو ديال عدم عدم التواصل لأنه الاجتماعي بين الأسر ما بقاش التواصل بشكل مطلق لأنه كتدخل للبيئة الأسرية كل واحد في عالمه الخاص ما بقيناش هذاك التواصل الأسري ما نهضروش على الأزواج على التفكك الأسري ولكن على هاد الجيل على هاد الفئة.,العنف فالشارع. العنف فالشارع. للاسف. وما كاينش ما كاينش اضافة الى ذلك واحد النوع ديال ديال سميتو ديال عدم عدم التواصل لانه الاجتماعي بين الأسر ما بقاش التواصل بشكل مطلق لانه كتدخل للبيئة الأسرية كل واحد في عالمه الخاص ما بقيناش هذاك التواصل الأسري ما نهضروش على الأزواج على التفكك الأسري ولكن على هذا الجيل على هذا الفئة.,العنف فالشارع. للاسف. وما كاينش ما كاينش اضافة الى ذلك واحد النوع ديال ديال سميتو ديال عدم عدم التواصل لانه الاجتماعي بين الأسر ما بقاش التواصل بشكل مطلق لانه كتدخل للبيئة الأسرية كل واحد في عالمه الخاص ما بقيناش هذاك التواصل الأسري ما نهضروش على الأزواج على التفكك الأسري ولكن على هذا الجيل على هذا الفئة.,Of Casablanca,Mixed/Educated Moroccan Arabic,none,"Female,Male",2
audio/tangier/tangier-003.wav,tangier-003,tangier-3,tangier,13Label_16k.wav,train,وهاد حتا هاد الأب لي كنتساءلو هاد الأطفال فهاد الساعات طوال أين هم حتى هما غادي يكونو فراحة وشابرين التيليفون وهادي وأمور لي هي عادية. أنا لا بد دكتور ما نتكلمو على السياسة ونتكلمو على الإرادة الحقيقية للدولة. هل ترى أنه برنامج انتخابي بما أننا حنا على الأبواب يضع الطفولة في صلب الإهتمامات وأنها راه مايمكنش نتكلمو على تنمية حقيقية إلا ما اشتغلناش على الطفولة.,وهاد حتى هاد الأب اللي كنتساءلوا هاد الأطفال فهاد الساعة ترى أين هم حتى هما غادي يكونوا فراحة وشابرين التيليفون وهادي وأمور اللي هي عادية. أنا لا بد دكتور ما نتكلموا على سياسة ونتكلموا على الإرادة الحقيقية للدولة. هل ترى أنه برنامج انتخابي بما أننا حنا على الأبواب يضع الطفولة في صلب الاهتمامات وأنها راه ما يمكنش نتكلموا على تنمية حقيقية إلى ما اشتغلناش على الطفولة.,وهاد حتى هاد الأب اللي كنتساءلوا هاد الأطفال فهاد الساعة ترى أين هم حتى هما غادي يكونوا فراحة وشابرين التيليفون وهادي وأمور اللي هي عادية. أنا لا بد دكتور ما نتكلموا على سياسة ونتكلموا على الإرادة الحقيقية للدولة. هل ترى أنه برنامج انتخابي بما أننا حنا على الأبواب يضع الطفولة في صلب الاهتمامات وأنها راه ما يمكنش نتكلموا على تنمية حقيقية إلى ما اشتغلناش على الطفولة.,Of Tangier/Tetouan,Mixed/Educated Moroccan Arabic,none,Male,2
audio/tangier/tangier-004.wav,tangier-004,tangier-4,tangier,e0vjzUiBgy8_segment_05.mp3_16k.wav,train,بالأخص أوروبية. لماذا لا البحث عن مثلا بلدان اسيوية نخص بالذكر اليابان لأنهم سباقين فهاد الميدان هدا ويمكن تا هما بالخبرة ديالهم وبالتقنيات لي عندهم يمكن يجيو حتى هما فإطار التعاون الثنائي المغربي الياباني ويمدو لنا يد المساعدة ونشوفو شنو هما التقنيات لي يمكن لها تكون يقدرو يلقاو يقدرو يلقاو يقدرو يلقاو يعني تنعتقد بأن من الممكن من الممكن,بالأخص أوروبية. لماذا لا البحث عن مثلا بلدان أسيوية نخص بالذكر اليابان لأنهم سباقين في هذا الميدان هذا ويمكن حتى هما بالخبرة ديالهم وبالتقنيات اللي عندهم يمكن يجيو حتى هما في إطار التعاون الثنائي المغربي الياباني ويمدوا لنا يد المساعدة ونشوفوا شنو هما التقنيات اللي يمكن لها تكون يقدروا يلقاو يقدروا يلقاو يقدروا يلقاو يعني تنعتقد بأن من الممكن من الممكن,بالأخص أوروبية. لماذا لا البحث عن مثلا بلدان أسيوية نخص بالذكر اليابان لأنهم سباقين في هذا الميدان هذا ويمكن حتى هما بالخبرة ديالهم وبالتقنيات اللي عندهم يمكن يجيو حتى هما في إطار التعاون الثنائي المغربي الياباني ويمدوا لنا يد المساعدة ونشوفوا شنو هما التقنيات اللي يمكن لها تكون يقدروا يلقاو يقدروا يلقاو يقدروا يلقاو يعني تنعتقد بأن من الممكن من الممكن,Of Casablanca,Mixed/Educated Moroccan Arabic,none,Male,2
audio/tangier/tangier-005.wav,tangier-005,tangier-5,tangier,e0vjzUiBgy8_segment_06.mp3_16k.wav,train,متيبقاشاي كدور ديال تنفيذ بعض المطالب فقط، بل هناك آفاق مستقبلية تيمكن لها ترسمها الناس لي مكلفين بالغرفة من ناحية المنتخبين على رأسهم الرئيس بجميع الأعضاء لي معاه، وكذلك الدور ديال المديرية لي هي أداة لي تيخصها تساير جميع المشاريع لي كاينة فالمنطقة، أخص بالذكر أولا بناء,ما تيبقاش كدور ديال تنفيذ بعض المطالب فقط، بل هناك آفاق مستقبلية تيمكن لها ترسمها الناس اللي مكلفين بالغرفة من ناحية المنتخبين على رأسهم الرئيس بجميع الأعضاء اللي معاه، وكذلك الدور ديال المديرية اللي هي أداة اللي تيخصها تساير جميع المشاريع اللي كاينة في المنطقة، أخص بالذكر أولا بناء,ما تيبقاش كدور ديال تنفيذ بعض المطالب فقط، بل هناك آفاق مستقبلية تيمكن لها ترسمها الناس اللي مكلفين بالغرفة من ناحية المنتخبين على رأسهم الرئيس بجميع الأعضاء اللي معاه، وكذلك الدور ديال المديرية اللي هي أداة اللي تيخصها تساير جميع المشاريع اللي كاينة في المنطقة، أخص بالذكر أولا بناء,Of Tangier/Tetouan,Mixed/Educated Moroccan Arabic,none,Male,1
audio/tangier/tangier-006.wav,tangier-006,tangier-6,tangier,radio_20250705_201647.mp3_16k.wav,train,المنتخب الإسباني بطل العالم و خورخي فيلدا فأول مواجهة ديال زامبيا كان تفوق عليهم بخمسة لزيرو ولكن مع لا روخا. الكرة عند المنتخب الوطني كتمشي لعند سكينة الوزراوي، سكينة الوزراوي la passe ديالها شوية ناقصة في اتجاه نجاة بدري، نجاة بدري لي غادة للبريسينغ، نفس الشيء بالنسبة لغزلان الشباك و كنلاحظو أن اللاعبات ديال الوسط لاعبين بشركة بشكل دينامي، يعني ماكيجلسوش فمكان واحد وكاين واحد التعاون واحد التآزر à la perte du ballon يعني البريسينغ,المنتخب الإسباني بطل العالم و خورخي فيلدا في أول مواجهة ديال زامبيا كان تفوق عليهم بخمسة لزيرو ولكن مع لا روخا. الكرة عند المنتخب الوطني كتمشي لعند سكينة الوزراوي، سكينة الوزراوي لا باس ديالها شوية ناقصة في اتجاه نجاة بدري، نجاة بدري اللي غادة للبريسينغ، نفس الشيء بالنسبة لغزلان الشباك و كنلاحظوا أن اللاعبات ديال الوسط لاعبين بشركة بشكل دينامي، يعني ماكيجلسوش في مكان واحد وكاين واحد التعاون واحد التآزر à la perte du ballon يعني البريسينغ,المنتخب الإسباني بطلات العالم و خورخي فيلدا في أول مواجهة ديال زامبيا كان تفوق عليهم بخمسة لزيرو ولكن مع لا روخا. الكرة عند المنتخب الوطني كتمشي لعند سكينة الوزراوي، سكينة الوزراويشوية ناقصة في اتجاه نجاة بدري، نجاة بدري اللي غادة للبريسينغ، نفس الشيء بالنسبة لغزلان الشباك و كنلاحظوا أن اللاعبات ديال الوسط لاعبين بشركة بشكل دينامي، يعني ماكيجلسوش في مكان واحد وكاين واحد التعاون واحد التآزر à la perte du ballon يعني البريسينغ,Of Casablanca,Mixed/Educated Moroccan Arabic,no_majority,Male,1
audio/tangier/tangier-007.wav,tangier-007,tangier-7,tangier,Tangier_1-53_16k.wav,train,وكذلك الوطنية وكذلك الدولية يعني برنامج يعني شامل وخصوصا يعني كنعرفو أن يعني حتا للجمعيات وفمثل هذه المناسبات ديال التظافر والتضامن وكذلك الجمعيات ديال كرة السلة ذوي الاحتياجات الخاصة حتا هما يعني دائما وأبدا كتمر عليهم يعني مرة بالتدقيق ومرة يعني بحضور يعني حتى التظاهرات الوطنية,وكذلك الوطنية وكذلك الدولية يعني برنامج يعني شامل وخصوصا يعني كنعرفوا أن يعني حتى للجمعيات وفي مثل هذه المناسبات ديال التضافر والتضامن وكذلك الجمعيات ديال كرة السلة ذوي الاحتياجات الخاصة حتى هما يعني دائما وأبدا كتمر عليهم يعني مرة بالتدقيق ومرة يعني بحضور يعني حتى التظاهرات الوطنية,وكذلك الوطنية وكذلك الدولية يعني برنامج يعني شامل وخصوصا يعني كنعرفوا أن يعني حتى للجمعيات وفي مثل هذه المناسبات ديال التضافر والتضامن وكذلك الجمعيات ديال كرة السلة ذوي الاحتياجات الخاصة حتى هما يعني دائما وأبدا كتمر عليهم يعني مرة بالتدقيق ومرة يعني بحضور يعني حتى التظاهرات الوطنية,Of Casablanca,Mixed/Educated Moroccan Arabic,none,Male,1
audio/tangier/tangier-008.wav,tangier-008,tangier-8,tangier,Tangier_2-122_16k.wav,train,ديال المنظمة. ف وبقيت فالمجال لي كنت اشتغلت عليه وهو كل ما يتعلق بمجال الشغل أو العمل وكل ما يتعلق بالحوار الاجتماعي والحريات النقابية. فأنجزت كذلك عدد من الدراسات لي كتسمى فالمشرق العربي كيسميوها أوراق سياسات لي كانت محط إما منشورة لدى هذه المنظمات بمواقع,ديال المنظمة. ف وبقيت في المجال اللي كنت اشتغلت عليه وهو كل ما يتعلق بمجال الشغل أو العمل وكل ما يتعلق بالحوار الاجتماعي والحريات النقابية. فأنجزت كذلك عدد من الدراسات اللي كتسمى في المشرق العربي كيسميوها أوراق سياسات اللي كانت محط إما منشورة لدى هذه المنظمات بمواقع,ديال المنظمة. ف وبقيت في المجال اللي كنت اشتغلت عليه وهو كل ما يتعلق بمجال الشغل أو العمل وكل ما يتعلق بالحوار الاجتماعي والحريات النقابية. فأنجزت كذلك عدد من الدراسات اللي كتسمى في المشرق العربي كيسميوها أوراق سياسات اللي كانت محط إما منشورة لدى هذه المنظمات بمواقع,Of Casablanca,Mixed/Educated Moroccan Arabic,none,Male,2
audio/tangier/tangier-009.wav,tangier-009,tangier-9,tangier,Tangier_2-138_16k.wav,train,المركزيات النقابية أي الطبقة العاملة ومصالح كذلك ما نسميه رجال الأعمال أو الباترونا وكذلك الجمعيات المهنية وبالتالي كان عليك أنك تدير ما يسمى الحوار الاجتماعي ما بين كل هاد الاطراف وهاد الحوار ماشي فقط في مجال الشغل لأن كانت عندي حقيبة التكوين المهني يمكن نقول كنعتز بواحد المجموعة من الاصلاحات لي دخلات نقدر نقول,المركزيات النقابيه اي الطبقه العامله ومصالح كذلك ما نسميه رجال الاعمال او الباترونا وكذلك الجمعيات المهنيه وبالتالي كان عليك انك تدير ما يسمى الحوار الاجتماعي ما بين كل هذه الاطراف وهذا الحوار ماشي فقط في مجال الشغل لان كانت عندي حقيبه التكوين المهني يمكن نقول كنعتز بواحد المجموعه من الاصلاحات اللي دخلات نقدر نقول,المركزيات النقابيه اي الطبقه العامله ومصالح كذلك ما نسميه رجال الاعمال او الباترونا وكذلك الجمعيات المهنيه وبالتالي كان عليك انك تدير ما يسمى الحوار الاجتماعي ما بين كل هذه الاطراف وهذا الحوار ماشي فقط في مجال الشغل لان كانت عندي حقيبه التكوين المهني يمكن نقول كنعتز بواحد المجموعه من الاصلاحات اللي دخلات نقدر نقول,Of Casablanca,Mixed/Educated Moroccan Arabic,French,Male,1
audio/tangier/tangier-010.wav,tangier-010,tangier-10,tangier,Tangier_2-141_16k.wav,train,لي سمح نقول اليوم بكل اعتزاز بالصيغة التي أحدثنا هاد المركز ديال التكوين أنه صبح منارة وإشعاع لاستقطاب أكبر الشركات فمجال الطيران فالمغرب. جميل. ويعود له الفضل اليوم هاد المركز أنه استقطب أكثر من مئة و خمسين شركة ربما كتشتغل اليوم وفتطوير الصناعة ممتاز ديال المغرب فمجال الطيران.,اللي سمح نقول اليوم بكل اعتزاز بالصيغة التي أحدثنا هذا المركز ديال التكوين أنه صبح منارة وإشعاع لاستقطاب أكبر الشركات في مجال الطيران في المغرب. جميل. ويعود له الفضل اليوم هذا المركز أنه في استقطاب أكثر من مئة و خمسين شركة ربما كتشتغل اليوم وفي تطوير الصناعة ديال المغرب في مجال الطيران.,اللي سمح نقول اليوم بكل اعتزاز بالصيغة التي أحدثنا هذا المركز ديال التكوين أنه صبح منارة وإشعاع لاستقطاب أكبر الشركات في مجال الطيران في المغرب. جميل. ويعود له الفضل اليوم هذا المركز أنه في استقطاب أكثر من خمسين شركة ربما كتشتغل اليوم وفي تطوير الصناعة ديال المغرب في مجال الطيران.,Of Casablanca,Mixed/Educated Moroccan Arabic,none,"Female,Male",2
audio/tangier/tangier-011.wav,tangier-011,tangier-11,tangier,Tangier_2-151_16k.wav,train,راجعتهم شوية، ثم بديت كنكتب على مرحلة الطفولة. قلت أجي علاش ما نكتبش على مرحلة الطفولة ديالي كي جرات، بديت كنتذكر من الذاكرة. أنا ما عنديش شي مراجع. نعم. من الذاكرة. فكتبت هديك واحد مجموعة من الصفحات لي صبحت بحال شي فصل على الطفولة وكنت مقرر أنني نواصلها، لكن انقطعت بفعل واحد الانشغالات. ثم كانو بعض الأصدقاء لي كنا كنجلسو فبعض الجلسات,راجعتهم شوية، ثم بديت كنكتب على مرحلة الطفولة. قلت أجي علاش ما نكتبش على مرحلة الطفولة ديالي كي جرات، بديت كنتذكر من الذاكرة. أنا ما عنديش شي مراجع. نعم. من الذاكرة. فكتبت هذيك واحد مجموعة من الصفحات اللي صبحت بحال شي فصل على الطفولة وكنت مقرر أنني نواصلها، لكن انقطعت بفعل واحد الانشغالات. ثم كانوا بعض الأصدقاء اللي كنا كنجلسوا في بعض الجلسات,راجعتهم شوية، ثم بديت كنكتب على مرحلة الطفولة. قلت أجي علاش ما نكتبش على مرحلة الطفولة ديالي كي جرات، بديت كنتذكر من الذاكرة. أنا ما عنديش شي مراجع. نعم. من الذاكرة. فكتبت هذيك واحد مجموعة من الصفحات اللي صبحت بحال شي فصل على الطفولة وكنت مقرر أنني نواصلها، لكن انقطعت بفعل واحد الانشغالات. ثم كانوا بعض الأصدقاء اللي كنا كنجلسوا في بعض الجلسات,Of Casablanca,Mixed/Educated Moroccan Arabic,none,"Female,Male",2
audio/tangier/tangier-012.wav,tangier-012,tangier-12,tangier,Tangier_3-01_16k.wav,train,حتى هنا في Paris خرجت فل نتاع تاع حرائق واضرابات ال شو اسمهم ال les banlieues قبل سنوات يعني خرجت أيضا وطالبت قالت هادو هادو صحيح قد يكونو مغاربيين لي يخرجو فل أو أفارقة يخرجو فالمظاهرات ولكن أنتم حصرتوهم فدوائر أنتم قلتو لهم أنتم لا تشبهون الاخرين أنتم قلتو لهم أنتم ربع فرنسيين وهم فرنسيين نعم ويقدمون يوميا,حتى انا في Paris خرجت في ال نتاع تاع حرائق واضرابات ال شو اسمهم ال les banlieues قبل سنوات يعني خرجت ايضا وطالبت قالت هادو هادو صحيح قد يكونوا مغاربيين اللي يخرجوا في ال او افارقه يخرجوا في المظاهرات ولكن انتم حصرتوهم في دوائر انتم قلتوا لهم انتم لا تشبهون الاخرين انتم قلتوا لهم انتم ربع فرنسيين وهم فرنسيين نعم ويقدمون يوميا,حتى انا في Paris خرجت في ال نتاع تاع حرائق واضرابات ال شو اسمهم ال les banlieues قبل سنوات يعني خرجت ايضا وطالبت قالت هادو هادو صحيح قد يكونوا مغاربيين اللي يخرجوا في ال او افارقه يخرجوا في المظاهرات ولكن انتم حصرتوهم في دوائر انتم قلتوا لهم انتم لا تشبهون الاخرين انتم قلتوا لهم انتم ربع فرنسيين وهم فرنسيين نعم ويقدمون يوميا,Of Oujda,Mixed/Educated Moroccan Arabic,French,Male,2
audio/tangier/tangier-013.wav,tangier-013,tangier-13,tangier,Tangier_3-05_16k.wav,train,بغات نعم تبقا تبقا هديك الجذوة الحرارة نتاعها هديك الجمرة هديك نعم هي تكتمل هاد الجمرة هي جمرة هي جمرة رمزية أيضا نعم جمرة قبلتها من الأربعينيات وهي تعاني وتقاسي اشتغلت فكل الأماكن لي ممكن تتخيلها تبحث ما عندهاش وين تبات تبات والدها وأمها ماتو بال بالتيفيس لي كان مرض قاتل يعني في ذلك الوقت توجد نفسها في الشوارع بسيدي بلعباس أو في تالة لي هي,بغات نعم تبقى تبقى هذيك الجذوة الحرارة نتاعها هذيك الجمرة هذيك نعم هي تكتمل هذه الجمرة هي جمرة هي جمرة رمزية أيضا نعم جمرة قبلتها من الأربعينيات وهي تعاني وتقاسي اشتغلت في كل الأماكن اللي ممكن تتخيلها تبحث ما عندهاش وين تبات تبات والدها وأمها ماتوا بال بالتيفيس اللي كان مرض قاتل يعني في ذلك الوقت توجد نفسها في الشوارع بسيدي بلعباس أو في تالة اللي هي,بغات نعم تبقى تبقى هذيك الجذوة الحرارة نتاعها هذيك الجمرة هذيك نعم هي تكتمل هذه الجمرة هي جمرة هي جمرة رمزية أيضا نعم جمرة قبلتها من الأربعينيات وهي تعاني وتقاسي اشتغلت في كل الأماكن اللي ممكن تتخيلها تبحث ما عندهاش وين تبات تبات والدها وأمها ماتوا بال بالتيفيس اللي كان مرض قاتل يعني في ذلك الوقت توجد نفسها في الشوارع بسيدي بلعباس أو في تالة اللي هي,Of Oujda,Mixed/Educated Moroccan Arabic,none,Male,2
audio/tangier/tangier-014.wav,tangier-014,tangier-14,tangier,Tangier_3-07_16k.wav,train,هذه الأغنية واد الشولي لي استشهدو فيه مجموعة من من من الضباط الجزائريين في عملية غير متوازنة في منطقة تلمسان كانوا الفرنسيين أقوياء بالجيش بال والبقية قليلة ولكن بالحيلة والذكاء استطاعو أنهم يفرضو نفسهم ولكن استشهدو يعني في نهاية المطاف نوع من من الاستشهاد في سبيل الوطن في ذلك الوقت وهي تصف استشهاد هؤلاء الشباب يعني,هذه الأغنية واد الشولي اللي استشهدوا فيها مجموعة من من من الضباط الجزائريين في عملية غير متوازنة في منطقة تلمسان كانوا الفرنسيين أقوياء بالجيش بال والبقية قليلة ولكن بالحيلة والذكاء استطاعوا أنهم يفرضوا نفسهم ولكن استشهدوا يعني في نهاية المطاف نوع من من الاستشهاد في سبيل الوطن في ذلك الوقت وهي تصف استشهاد هؤلاء الشباب يعني,هذه الأغنية واد الشولي اللي استشهدوا فيها مجموعة من من من الضباط الجزائريين في عملية غير متوازنة في منطقة تلمسان كانوا الفرنسيين أقوياء بالجيش بال والبقية قليلة ولكن بالحيلة والذكاء استطاعوا أنهم يفرضوا نفسهم ولكن استشهدوا يعني في نهاية المطاف نوع من من الاستشهاد في سبيل الوطن في ذلك الوقت وهي تصف استشهاد هؤلاء الشباب يعني,Of Oujda,Mixed/Educated Moroccan Arabic,none,Male,2
audio/tangier/tangier-015.wav,tangier-015,tangier-15,tangier,Tangier_3-08_16k.wav,train,أكبرهم عمره 27 سنة تخيل معي يعني يعني أن الناس هذو يمدو حياتهم وهي ترثي هي أنا نعتبرها مرثية في الحقيقة ترثي هؤلاء بشكل حزين جدا وبالقصبة وهديك القصبة الإيقاع لي يسميوه عندنا في اللغة الشعبية المرجوع نعم حزين نقول لو لما يكونو يبرحو مثلا ويتكلمو يقول لو فخاطر كذا وكذا وكذا وراه يقول لك يا الشيخ فلان الفلاني الله يرضى عليك جيب لنا المرجوع الفلاني يعني هداك الإيقاع,أكبرهم عمره 27 سنة تخيل معي يعني يعني أن الناس هذو يمدوا حياتهم وهي ترثي هي أنا نعتبرها مرثية في الحقيقة ترثي هؤلاء بشكل حزين جدا وبالقصبة وهذيك القصبة الإيقاع اللي يسميوه عندنا في اللغة الشعبية المرجوع نعم حزين نقول له لما يكونوا يبرحوا مثلا ويتكلموا يقول له في خاطر كذا وكذا وكذا وراه يقول لك يا الشيخ فلان الفلاني الله يرضى عليك جيب لنا المرجوع الفلاني يعني هذاك الإيقاع,أكبرهم عمره 27 سنة تخيل معي يعني يعني أن الناس هذو يمدوا حياتهم وهي ترثي هي أنا نعتبرها مرثية في الحقيقة ترثي هؤلاء بشكل حزين جدا وبالقصبة وهذيك القصبة الإيقاع اللي يسميوه عندنا في اللغة الشعبية المرجوع نعم حزين نقول له لما يكونوا يبرحوا مثلا ويتكلموا يقول له في خاطر كذا وكذا وكذا وراه يقول لك يا الشيخ فلان الفلاني الله يرضى عليك جيب لنا المرجوع الفلاني يعني هذاك الإيقاع,Of Oujda,Mixed/Educated Moroccan Arabic,none,Male,2
audio/tangier/tangier-016.wav,tangier-016,tangier-16,tangier,Tangier_Radio_2-01_16k.wav,train,مثلا الأمان جميل جدا أنه الأمان كيجي من الجانب المالي ولكن خصو يكون حاضر وكيسمع باش يكون مصاحب للأبناء ديالو. يعني خاص يكون عندنا ذكاء عاطفي للتعامل مع هاد مع هاد الحالات هادو. فعلا هو هنا كيتطرح السؤال فين أنا مهتم بواحد الجانب وفين خصني نزيد نشتغل على ذاتي باش نغطي ديك الفجوة بيني وبين بهاد الجانب. وهادشي ما يمكن لو يكون إلا باشتغالنا على ذواتنا والوعي بأنفسنا.,مثلا الأمان جميل جدا أنه الأمان كيجي من الجانب المالي ولكن خصه يكون حاضر وكيسمع باش يكون مصاحب للأبناء دياله. يعني خاص يكون عندنا ذكاء عاطفي للتعامل مع هاد مع هاد الحالات هادو. فعلا هو هنا كيتطرح السؤال فين أنا مهتم بواحد الجانب وفين خصني نزيد نشتغل على ذاتي باش نغطي ديك الفجوة بيني وبين بهاد الجانب. وهادشي ما يمكن له يكون إلا باشتغالنا على ذواتنا والوعي بأنفسنا.,مثلا الأمان جميل جدا أنه الأمان كيجي من الجانب المالي ولكن خصه يكون حاضر وكيسمع باش يكون مصاحب للأبناء دياله. يعني خاص يكون عندنا ذكاء عاطفي للتعامل مع هاد مع هاد الحالات هادو. فعلا هو هنا كيتطرح السؤال فين أنا مهتم بواحد الجانب وفين خصني نزيد نشتغل على ذاتي باش نغطي ديك الفجوة بيني وبين بهاد الجانب. وهادشي ما يمكن له يكون إلا باشتغالنا على ذواتنا والوعي بأنفسنا.,no_majority,Mixed/Educated Moroccan Arabic,none,Female,2
audio/tangier/tangier-017.wav,tangier-017,tangier-17,tangier,Tangier_Radio_2-02_16k.wav,train,ونطورو ونشتغلو على ما يسمى مهارة الذكاء العاطفي. لهاد المهارة هادي مهارة جميلة جدا. أنا كنعتبرها هي المفتاح الأساسي للتوازن النفسي وبناء علاقات صحية. بحيث أن كيخلينا نوعاو بالمشاعر ديالنا، كذلك التنظيم الذاتي ولا الإدارة د هاد المشاعر، أنا كنكون عارفة راسي الحالات لي كنكون غاضبة فيها والسبب لي كيديكلونشي ديك الغضب، فوقاش كنكون حزينة، كيفاش نتعامل مع هاد المشاعر ونتحكم فيها بدل ما تقودني وتسيطر عليا. كذلك,ونطوروا ونشتغلوا على ما يسمى مهارة الذكاء العاطفي. لهذه المهارة هذه مهارة جميلة جدا. أنا كنعتبرها هي المفتاح الأساسي للتوازن النفسي وبناء علاقات صحية. بحيث أن كيخلينا نوعاو بالمشاعر ديالنا، كذلك التنظيم الذاتي ولا الإدارة د هذه المشاعر، أن كنكون عارفة راسي الحالات اللي كنكون غاضبة فيها والسبب اللي كيديكلونشي ديك الغضب، فوقاش كنكون حزينة، كيفاش نتعامل مع هذه المشاعر ونتحكم فيها بدل ما تقودني وتسيطر عليا. كذلك,ونطوروا ونشتغلوا على ما يسمى مهارة الذكاء العاطفي. لهذه المهارة هذه مهارة جميلة جدا. أنا كنعتبرها هي المفتاح الأساسي للتوازن النفسي وبناء علاقات صحية. بحيث أن كيخلينا نوعاو بالمشاعر ديالنا، كذلك التنظيم الذاتي ولا الإدارة د هذه المشاعر، أن كنكون عارفة راسي الحالات اللي كنكون غاضبة فيها والسبب اللي كيديكلونشي ديك الغضب، فوقاش كنكون حزينة، كيفاش نتعامل مع هذه المشاعر ونتحكم فيها بدل ما تقودني وتسيطر عليا. كذلك,no_majority,Mixed/Educated Moroccan Arabic,French,Female,1
audio/tangier/tangier-018.wav,tangier-018,tangier-18,tangier,Tangier_Radio_2-03_16k.wav,train,نراقب السلوكيات ديالي واش هي إلى تعامل معايا شي واحد بديك الطريقة غنaccepterها ولا لا، يعني كنولي واعية، وكنفعّل ما يسمى بالمراقب الذاتي. والجميل جدا هو أنني كنكون محفزة، عندي واحد المهارة التحفيز، حتا إلى فشلت ولا مثلا واحد العلاقة لي تكللت بالفشل، كنعاود نموتيفي راسي، كنقول لا إشكال، كنشوف أنا يمكن الخلل فيا ولا شنو المشكل لي خلا ديك العلاقة يكون فيها واحد الخلل إلى آخره.,نراقب السلوكيات ديالي واش هي إلى تعامل معايا شي واحد بديك الطريقة غنaccepterها ولا لا، يعني كنولي واعية، وكنفعّل ما يسمى بالمراقب الذاتي. والجميل جدا هو أنني كنكون محفزة، عندي واحد المهارة التحفيز، حتى إلى فشلت ولا مثلا واحد العلاقة اللي تكللت بالفشل، كنعاود نموتيفي راسي، كنقول لا إشكال، كنشوف أنا يمكن الخلل فيا ولا شنو المشكل اللي خلى ديك العلاقة يكون فيها واحد الخلل إلى آخره.,نراقب السلوكيات ديالي واش هي إلى تعامل معايا شي واحد بديك الطريقة غنaccepterها ولا لا، يعني كنولي واعية، وكنفعّل ما يسمى بالمراقب الذاتي. والجميل جدا هو أنني كنكون محفزة، عندي واحد المهارة التحفيز، حتى إلى فشلت ولا مثلا واحد العلاقة اللي تكللت بالفشل، كنعاود نموتيفي راسي، كنقول لا إشكال، كنشوف أنا يمكن الخلل فيا ولا شنو المشكل اللي خلى ديك العلاقة يكون فيها واحد الخلل إلى آخره.,no_majority,Mixed/Educated Moroccan Arabic,French,Female,1
audio/tangier/tangier-019.wav,tangier-019,tangier-19,tangier,Tetouan_1-23_16k.wav,train,من أجل تحسين الوضعية الاجتماعية لجميع جميع لجميع أقاليم البلاد. إقليم تطوان الحمد لله جاه واحد القسط وافر من هاد من هاد المشاريع التنموية لي ما يخفاش عليكم التأثير الإيجابي ديال ديال هاد ديال هاد المشاريع التنموية خاصة على واحد واحد الفئات هشة. فئة عريضة من من المجتمع,من أجل تحسين الوضعية الاجتماعية لجميع جميع لجميع أقاليم البلاد. إقليم تطوان الحمد لله جاه واحد القسط وافر من هذا من هذا المشاريع التنموية اللي ما يخفاش عليكم التأثير الإيجابي ديال ديال هذا ديال هذه المشاريع التنموية خاصة على واحد واحد الفئات هشة. فئة عريضة من من المجتمع,من أجل تحسين الوضعية الاجتماعية لجميع جميع لجميع أقاليم البلاد. إقليم تطوان الحمد لله جاه واحد القسط وافر من هذا من هذا المشاريع التنموية اللي ما يخفاش عليكم التأثير الإيجابي ديال ديال هذا ديال هذه المشاريع التنموية خاصة على واحد واحد الفئات هشة. فئة عريضة من من المجتمع,no_majority,Mixed/Educated Moroccan Arabic,none,"Female,Male",2
audio/tangier/tangier-020.wav,tangier-020,tangier-20,tangier,Tetouan_1-24_16k.wav,train,فيها الهشاشة وفيها حتى الشباب. إذن كنهضر على المبادرة بشكل عام ديالها. بشكل عام. ولكن فيما يخص الهشاشة عندنا واحد واحد واحد الفئات 11 الفئة راها معروفة دابا. دابا 21 سنة وحنا كنهضرو عليها. وحتى فرقنا حتى هدا هاد هاد هاد هاد الفئات استفدو بزاف من من من بنية تحتية من من مشاريع تنموية بحال بحال,فيها الهشاشة وفيها حتى الشباب. إذن كنهضر على المبادرة بشكل عام ديالها. بشكل عام. ولكن فيما يخص الهشاشة عندنا واحد واحد واحد الفئات 11 الفئة راها معروفة دابا. دابا 21 سنة وحنا كنهضروا عليها. وحتى فرقنا حتى هذا هاد هاد هاد هاد الفئات استفدوا بزاف من من من بنية تحتية من من مشاريع تنموية بحال بحال,فيها الهشاشة وفيها حتى الشباب. إذن كنهضر على المبادرة بشكل عام ديالها. بشكل عام. ولكن فيما يخص الهشاشة عندنا واحد واحد واحد الفئات 11 الفئة راها معروفة دابا. دابا 21 سنة وحنا كنهضروا عليها. وحتى فرقنا حتى هذا هاد هاد هاد هاد الفئات استفدوا بزاف من من من بنية تحتية من من مشاريع تنموية بحال بحال,no_majority,Mixed/Educated Moroccan Arabic,none,"Female,Male",2
audio/tangier/tangier-021.wav,tangier-021,tangier-21,tangier,Tetouan_1-25_16k.wav,train,مراكز اجتماعية من نقل مدرسي لي هاد النقل المدرسي تم اختيار هاد الجماعات الترابية لي استفدت منو حسب دراسة دقيقة ل للخصاص للخصاص بهذا المسجل بهاد القطاع وكذلك بالخريطة المدرسية إذن وكيف ما كتعرفو هاد العام كان الشعار ديال المبادرة ديال ديال هاد العيد ديال المبادرة الوطنية للتنمية البشرية الواحد والعشرين,مراكز اجتماعية من نقل مدرسي اللي هذا النقل المدرسي تم اختيار هذا الجماعات الترابية اللي استفدت منو حسب دراسة دقيقة ل للخصاص للخصاص بهذا المسجل بهذا القطاع وكذلك بالخريطة المدرسية إذن وكيف ما كتعرفوا هذا العام كان الشعار ديال المبادرة ديال ديال هذا العيد ديال المبادرة الوطنية للتنمية البشرية الواحد والعشرين,مراكز اجتماعية من نقل مدرسي اللي هذا النقل المدرسي تم اختيار هذا الجماعات الترابية اللي استفدت منو حسب دراسة دقيقة ل للخصاص للخصاص بهذا المسجل بهذا القطاع وكذلك بالخريطة المدرسية إذن وكيف ما كتعرفوا هذا العام كان الشعار ديال المبادرة ديال ديال هذا العيد ديال المبادرة الوطنية للتنمية البشرية الواحد والعشرين,no_majority,Mixed/Educated Moroccan Arabic,none,"Female,Male",2
audio/tangier/tangier-022.wav,tangier-022,tangier-22,tangier,Tetouan_1-26_16k.wav,train,هو أن هو المبادرة الوطنية، حكامة المبادرة الوطنية، رافعة لتعزيز التنمية البشرية. وهادشي دار هاد حكامة المبادرة الوطنية سلطنا الضوء على أجهزة الحكامة الترابية لي هي اللجان الإقليمية، الجهوية، والمحلية لي كتنتقي هاد لي كتنزل لتنزيل هاد البرامج التنموية على أرض الواقع عبر الإنتقاء التشاركي,هو أن هو المبادرة الوطنية، حكامة المبادرة الوطنية، رافعة لتعزيز التنمية البشرية. وهادشي دار هذا حكامة المبادرة الوطنية سلطنا الضوء على أجهزة الحكامة الترابية اللي هي اللجان الإقليمية، الجهوية، والمحلية اللي كتنتقي هاد اللي كتنزل لتنزيل هاد البرامج التنموية على أرض الواقع عبر الإنتقاء التشاركي,هو أن هو المبادرة الوطنية، حكامة المبادرة الوطنية، رافعة لتعزيز التنمية البشرية. وهادشي دار هذا حكامة المبادرة الوطنية سلطنا الضوء على أجهزة الحكامة الترابية اللي هي اللجان الإقليمية، الجهوية، والمحلية اللي كتنتقي هاد اللي كتنزل لتنزيل هاد البرامج التنموية على أرض الواقع عبر الإنتقاء التشاركي,Of Casablanca,Mixed/Educated Moroccan Arabic,none,Female,1
audio/tangier/tangier-023.wav,tangier-023,tangier-23,tangier,Tetouan_1-36_16k.wav,train,نقولو سيدنا الله ينصرو هو لي عطى انطلاقة ديال المبادرة باش يستافدو منها الفئة المستهدفة فالأحياء الشعبية، كنهضرو على تطوان فالأحياء الشعبية، فالأحياء الهامشية، الحمد لله ولله الحمد، المبادرة فتطوان عطات نتائج لي هي رائعة ومرضية وفرحانين بها حنا كمجتمع مدني، وحنا كمجتمع مدني كنمثلو الساكنة. نعم. حنا بالنسبة لنا للشراكة لي مع المبادرة الوطنية للتنمية البشرية، حنا كنشتغلو مع المبادرة من 2000,نقولوا سيدنا الله ينصرو هو اللي عطى انطلاقة ديال المبادرة باش يستافدوا منها الفئة المستهدفة في الأحياء الشعبية، كنهضروا على تطوان في الأحياء الشعبية، في الأحياء الهامشية، الحمد لله ولله الحمد، المبادرة في تطوان عطات نتائج اللي هي رائعة ومرضية وفرحانين بها حنا كمجتمع مدني، وحنا كمجتمع مدني كنمثلوا الساكنة. نعم. حنا بالنسبة لنا للشراكة اللي مع المبادرة الوطنية للتنمية البشرية، حنا كنشتغلوا مع المبادرة من 2000,نقولوا سيدنا الله ينصرو هو اللي عطى انطلاقة ديال المبادرة باش يستافدوا منها الفئة المستهدفة في الأحياء الشعبية، كنهضروا على تطوان في الأحياء الشعبية، في الأحياء الهامشية، الحمد لله ولله الحمد، المبادرة في تطوان عطات نتائج اللي هي رائعة ومرضية وفرحانين بها حنا كمجتمع مدني، وحنا كمجتمع مدني كنمثلوا الساكنة. نعم. حنا بالنسبة لنا للشراكة اللي مع المبادرة الوطنية للتنمية البشرية، حنا كنشتغلوا مع المبادرة من 2000,Of Tangier/Tetouan,Mixed/Educated Moroccan Arabic,none,Female,1
audio/tangier/tangier-024.wav,tangier-024,tangier-24,tangier,Tetouan_1-37_16k.wav,train,و 13 من 2013 و حنا كنشتغلو مع المبادرة الوطنية في 2014 تبنى مركز تكوين و تقوية قدرات النساء فطريق سمسة فجامع المزواق كان أول مركز فجامع المزواق لي تم تسليم للجمعية بتدشين ملكي بسيدنا الله ينصرو كان المركز ديال جامع المزواق مركب اجتماعي درسا في 2014 مركز في النساء في وضعية صعبة في سدينا هادو مراكز لي,و 13 من 2013 و حنا كنشتغلو مع المبادرة الوطنية في 2014 تبنى مركز تكوين و تقوية قدرات النساء في طريق سمسة في جامع المزواق كان أول مركز في جامع المزواق اللي تم تسليم للجمعية بتدشين ملكي بسيدنا الله ينصرو كان المركز ديال جامع المزواق مركب اجتماعي درسا في 2014 مركز في النساء في وضعية صعبة في سدينا هادو مراكز اللي,و 13 من 2013 و حنا كنشتغلو مع المبادرة الوطنية في 2014 تبنى مركز تكوين و تقوية قدرات النساء في طريق سمسة في جامع المزواق كان أول مركز في جامع المزواق اللي تم تسليم للجمعية بتدشين ملكي بسيدنا الله ينصرو كان المركز ديال جامع المزواق مركب اجتماعي درسا في 2014 مركز في النساء في وضعية صعبة في سدينا هادو مراكز اللي,Of Tangier/Tetouan,Mixed/Educated Moroccan Arabic,none,Female,1
audio/tangier/tangier-025.wav,tangier-025,tangier-25,tangier,Tetouan_1-41_16k.wav,train,والناس ديال ديال الحي. عندنا رياض الأطفال داخل المراكز ديالنا، كيستافدو منهم الأمهات، كيجيبو وليداتهم كيحطوهم فرياض الأطفال، وكتيح الفرصة للأم باش تكون عندنا. كاين فضاء فين تخلي الطفل ديالها ولا الطفلة باقين صغار. الحمد لله، بالنسبة للمراكز ديالنا ما كيقتصرو غير على التكوين. عندنا فضاءات كنعملو فيهم لقاءات تحسيسية، اشتغلنا مع المبادرة,والناس ديال ديال الحي. عندنا رياض الأطفال داخل المراكز ديالنا، كيستافدوا منهم الأمهات، كيجيبوا وليداتهم كيحطوهم في رياض الأطفال، وكتيح الفرصة للأم باش تكون عندنا. كاين فضاء فين تخلي الطفل ديالها ولا الطفلة باقين صغار. الحمد لله، بالنسبة للمراكز ديالنا ما كيقتصروا غير على التكوين. عندنا فضاءات كنعملوا فيهم لقاءات تحسيسية، اشتغلنا مع المبادرة,والناس ديال ديال الحي. عندنا رياض الأطفال داخل المراكز ديالنا، كيستافدوا منهم الأمهات، كيجيبوا وليداتهم كيحطوهم في رياض الأطفال، وكتيح الفرصة للأم باش تكون عندنا. كاين فضاء فين تخلي الطفل ديالها ولا الطفلة باقين صغار. الحمد لله، بالنسبة للمراكز ديالنا ما كيقتصروا غير على التكوين. عندنا فضاءات كنعملوا فيهم لقاءات تحسيسية، اشتغلنا مع المبادرة,Of Tangier/Tetouan,Mixed/Educated Moroccan Arabic,none,Female,1
audio/tangier/tangier-026.wav,tangier-026,tangier-26,tangier,Tetouan_1-47_16k.wav,train,تحدثت لنا شوية على هاد المراكز فالعالم القروي. بالنسبة للعالم القروي والصعوبة كنعرفو أن العالم القروي ماشي هو فالمدينة. فجماعة الواد كاين مركز عندنا فجماعة الواد مركب فخدمة الشباب فجماعة الواد حتى هو واحد المركز لي هو رائع فيه تجهيزات على أعلى مستوى. عندنا كيما قالت الأستاذة مريم عندنا حتا النقل للمستفيدين لي كيتعذر عليهم أنت عارف أن ما يمكنش بالطوبيس يقدر يلحق التكوين كاين transport كيجي كيتلقاوه من طريق transport كيهز المستفيدين,تحدثت لنا شوية على هاد المراكز في العالم القروي. بالنسبة للعالم القروي والصعوبة كنعرفوا أن العالم القروي ماشي هو في المدينة. في جماعة الواد كاين مركز عندنا في جماعة الواد مركب في خدمة الشباب في جماعة الواد حتى هو واحد المركز اللي هو رائع فيه تجهيزات على أعلى مستوى. عندنا كيما قالت الأستاذة مريم عندنا حتى النقل للمستفيدين اللي كيتعذر عليهم أنت عارف أن ما يمكنش بالطوبيس يقدر يلحق التكوين كاين transport كيجي كيتلقاوه من طريق transport كيهز المستفيدين,تحدثت لنا شوية على هاد المراكز في العالم القروي. بالنسبة للعالم القروي والصعوبة كنعرفوا أن العالم القروي ماشي هو في المدينة. في جماعة الواد كاين مركز عندنا في جماعة الواد مركب في خدمة الشباب في جماعة الواد حتى هو واحد المركز اللي هو رائع فيه تجهيزات على أعلى مستوى. عندنا كيما قالت الأستاذة مريم عندنا حتى النقل للمستفيدين اللي كيتعذر عليهم أنت عارف أن ما يمكنش بالطوبيس يقدر يلحق التكوين كاين transport كيجي كيتلقاوه من طريق transport كيهز المستفيدين,Of Tangier/Tetouan,Mixed/Educated Moroccan Arabic,French,"Female,Male",2
audio/tangier/tangier-027.wav,tangier-027,tangier-27,tangier,Tetouan_1-49_16k.wav,train,كنوجدو المستفيد والمستفيدة ديالنا أن ملي غادي ملي غادي يسالي ياخد diplôme ديالو خصو يكون واجد، سوا أن يعمل مقاولة ديالو ويخدم، لي كاين لي كيقول لك أنا ما يمكنش يخوي يعني من العالم القروي ويجي للحضري، كنوجدوه كيفاش يعمل المشروع ديالو، سوا مجموعة يعمل تعاونية، للبنات ديالنا لي كيتكونو تما مشينا معاهم أن عملنا لهم تعاونيات، عملنا لهم مقاولات حاضنة داخل المركز ديالنا، كيتكونو فيه وكيوجدو المنتوجات وكيسوقوهم.,كنوجدوا المستفيد والمستفيدة ديالنا أن ملي غادي ملي غادي يسالي ياخد diplôme ديالو خصو يكون واجد، سوا أن يعمل مقاولة ديالو ويخدم، اللي كاين اللي كيقول لك أنا ما يمكنش يخوي يعني من العالم القروي ويجي للحضري، كنوجدوه كيفاش يعمل المشروع ديالو، سوا مجموعة يعمل تعاونية، للبنات ديالنا اللي كيتكونوا تما مشينا معاهم أن عملنا لهم تعاونيات، عملنا لهم مقاولات حاضنة داخل المركز ديالنا، كيتكونوا فيه وكيوجدوا المنتوجات وكيسوقوهم.,كنوجدوا المستفيد والمستفيدة ديالنا أن ملي غادي ملي غادي يسالي ياخد diplôme ديالو خصو يكون واجد، سوا أن يعمل مقاولة ديالو ويخدم، اللي كاين اللي كيقول لك أنا ما يمكنش يخوي يعني من العالم القروي ويجي للحضري، كنوجدوه كيفاش يعمل المشروع ديالو، سوا مجموعة يعمل تعاونية، للبنات ديالنا اللي كيتكونوا تما مشينا معاهم أن عملنا لهم تعاونيات، عملنا لهم مقاولات حاضنة داخل المركز ديالنا، كيتكونوا فيه وكيوجدوا المنتوجات وكيسوقوهم.,Of Tangier/Tetouan,Mixed/Educated Moroccan Arabic,French,Female,1
audio/tangier/tangier-028.wav,tangier-028,tangier-28,tangier,Tetouan_1-56_16k.wav,train,عبد الرزاق المنصوري على العمل الكبير لي كيقوم به لتنمية هاد الفئة وجميع الفئات داخل الإقليم ديال ديال تطوان. آآآ أيضا نبغي نشكر حتى سي محسن بريغة رئيس ديال قسم العمل الاجتماعي لي لي مشى فهاد الاتجاه هدا. وبلورنا الفكرة، بلورنا الفكرة ديال أننا غادي نعملو واحد ال ال ال المقهى مطعم لأن من بين الشعب لي عندنا فالتأهيل المهني عندنا المطعمة المطعم وعندنا ال ال ال ال ال,عبد الرزاق المنصوري على العمل الكبير اللي كيقوم به لتنمية هذه الفئة وجميع الفئات داخل الإقليم ديال ديال تطوان. آآآ أيضا نبغي نشكر حتى السي محسن بريغة رئيس ديال قسم العمل الاجتماعي اللي اللي مشى في هذا الاتجاه هذا. وبلورنا الفكرة، بلورنا الفكرة ديال أننا غادي نعملوا واحد ال ال ال المقهى مطعم لأن من بين الشعب اللي عندنا في التأهيل المهني عندنا المطعمة المطعم وعندنا ال ال ال ال ال,عبد الرزاق المنصوري على العمل الكبير اللي كيقوم به لتنمية هذه الفئة وجميع الفئات داخل الإقليم ديال ديال تطوان. آآآ أيضا نبغي نشكر حتى السي محسن بريغة رئيس ديال قسم العمل الاجتماعي اللي اللي مشى في هذا الاتجاه هذا. وبلورنا الفكرة، بلورنا الفكرة ديال أننا غادي نعملوا واحد ال المقهى مطعم لأن من بين الشعب اللي عندنا في التأهيل المهني عندنا المطعم وعندنا ال ,no_majority,Mixed/Educated Moroccan Arabic,none,Male,1
audio/tangier/tangier-029.wav,tangier-029,tangier-29,tangier,Tetouan_1-58_16k.wav,train,مركز ديال التدخل المبكر من بعد منو التربية الخاصة كاين التأهيل المهني من بعد منو كنتكلمو على الدمج فسوق الشغل وكنغيرو ديك الفكرة من عالة إلى معيل يعني الشخص فوضعية إعاقة فاش كيتزاد راه كنعرفو المراحل ديال الألم لي كدوز الأسرة وكتعتبرو بأنه ربما يكون عالة عليها فلاخر لا حاولنا ما أمكن بالرؤية المتبصرة والمخطط الاستراتيجي لي وضعته جمعية يحيى للأطفال التوحديين وكنبغي نشكر السيد رئيس جمعية محمد قليل لأن مشا فهاد الاتجاه أننا نحاولو ما أمكن,مركز ديال التدخل المبكر من بعد منو التربية الخاصة كاين التأهيل المهني من بعد منو كنتكلمو على الدمج في سوق الشغل وكنغيرو ديك الفكرة من عالة إلى معيل يعني الشخص في وضعية إعاقة فاش كيتزاد راه كنعرفو المراحل ديال الألم اللي كدوز الأسرة وكتعتبرو بأنه ربما يكون عالة عليها في لاخر لا حاولنا ما أمكن بالرؤية المتبصرة والمخطط الاستراتيجي اللي وضعته جمعية يحيى للأطفال التوحديين وكنبغي نشكر السيد رئيس جمعية محمد قليل لأن مشا فهاد الاتجاه أننا نحاولو ما أمكن,مركز ديال التدخل المبكر من بعد منو التربية الخاصة كاين التأهيل المهني من بعد منو كنتكلمو على الدمج في سوق الشغل وكنغيرو ديك الفكرة من عالة إلى معيل يعني الشخص في وضعية إعاقة فاش كيتزاد راه كنعرفو المراحل ديال الألم اللي كدوز الأسرة وكتعتبرو بأنه ربما يكون عالة عليها في لاخر لا حاولنا ما أمكن بالرؤية المتبصرة والمخطط الاستراتيجي اللي وضعته جمعية يحيى للأطفال التوحديين وكنبغي نشكر السيد رئيس جمعية محمد قليل لأن مشا فهاد الاتجاه أننا نحاولو ما أمكن,Of Casablanca,Mixed/Educated Moroccan Arabic,none,Male,1
audio/tangier/tangier-030.wav,tangier-030,tangier-30,tangier,Tetouan_1-60_16k.wav,train,واحد الورشات لي هي مجزئة. النجاح ديال هاد المقهى إن شاء الله والمطعم، ويجيو الناس وغادي يشوفوها، كل مستخدم أو لا كل شخص فوضعية إعاقة عندو مهمة مجزئة، مهمة بسيطة جدا ولكن تكرارية. علاش؟ لأن التوحد من بين العلامات ديالهم عندهم سلوكيات نمطية، répétitive. وحنا حاولنا ما أمكن على ديك التكرارية لأنه علاش تكراري؟ كيعرف البداية ويعرف النهاية. الشاب,واحد الورشات اللي هي مجزئة. النجاح ديال هاد المقهى إن شاء الله والمطعم، ويجيو الناس وغادي يشوفوها، كل مستخدم أو لا كل شخص في وضعية إعاقة عندو مهمة مجزئة، مهمة بسيطة جدا ولكن تكرارية. علاش؟ لأن التوحد من بين العلامات ديالهم عندهم سلوكيات نمطية، répétitive. وحنا حاولنا ما أمكن على ديك التكرارية لأنه علاش تكراري؟ كيعرف البداية ويعرف النهاية. الشاب,واحد الورشات اللي هي مجزئة. النجاح ديال هاد المقهى إن شاء الله والمطعم، ويجيو الناس وغادي يشوفوها، كل مستخدم أو لا كل شخص في وضعية إعاقة عندو مهمة مجزئة، مهمة بسيطة جدا ولكن تكرارية. علاش؟ لأن التوحد من بين العلامات ديالهم عندهم سلوكيات نمطية، répétitive. وحنا حاولنا ما أمكن على ديك التكرارية لأنه علاش تكراري؟ كيعرف البداية ويعرف النهاية. الشاب,Of Casablanca,Mixed/Educated Moroccan Arabic,French,Male,2
audio/tangier/tangier-031.wav,tangier-031,tangier-31,tangier,Tetouan_1-62_16k.wav,train,بطاطا وكتدار emballage فلاخر ديالو وكنصيفطوهم لي restaurant يعني ولكن هاد الورشة هادي شحال كيخدم فيها؟ كيخدموا فيها سبعة ديال الشباب، شباب وشابات، كل واحد عندو مهمة مجزأة وكنحاولو ما أمكن نستغلو حتى النوعية ديال الإضطراب، مثلا اللي هما agressif كيكونو مثلا عدوانيين في مرحلة الشباب كتزاد العدوانية، كنعطيوهم أنهم كيفاش يقطعو هاديك البطاطا كيصرف هاديك العدوانية ديالو بطريقة لي هي fonctionnel يعني وظيفية. الأساس فهاد ال ال ال ال ال,بطاطا وكتدار emballage في لاخر ديالو وكنصيفطوهم لي restaurant يعني ولكن هاد الورشة هادي شحال كيخدم فيها؟ كيخدموا فيها سبعة ديال الشباب، شباب وشابات، كل واحد عندو مهمة مجزأة وكنحاولو ما أمكن نستغلو حتى النوعية ديال الإضطراب، مثلا اللي هما agressif كيكونو مثلا عدوانيين في مرحلة الشباب كتزاد العدوانية، كنعطيوهم أنهم كيفاش يقطعو هاديك البطاطا كيصرف هاديك العدوانية ديالو بطريقة اللي هي fonctionnel يعني وظيفية. الأساس في هاد ال ال ال ال ال, وكتدار temballa في لاخر ديالو وكنصيفطوهم لي restaurant يعني ولكن هاد الورشة هادي شحال كيخدم فيها؟ كيخدموا فيها سبعة ديال الشباب، شباب وشابات، كل واحد عندو مهمة مجزأة وكنحاولو ما أمكن نستغلو حتى النوعية ديال الإضطراب، مثلا اللي هما agressif كيكونو مثلا عدوانيين في مرحلة الشباب كتزاد العدوانية، كنعطيوهم أنهم كيفاش يقطعو هاديك البطاطا كيصرف هاديك العدوانية ديالو بطريقة اللي هي fonctionnel يعني وظيفية. الأساس في هاد  ال,Of Casablanca,Mixed/Educated Moroccan Arabic,French,Male,2
audio/tangier/tangier-032.wav,tangier-032,tangier-32,tangier,Tetouan_1-78_16k.wav,train,التعاونيات ديالهم كنوجهوهم حتى هما عندنا نساء لي كيكونو كيما قالت الأخت مريم كيشتغلو يعني فالدار وباش يسوقو بطريقة كيما قالت كيجي واحد كياخد من عندها ديك الثمن ديك ديك شي لي وجداتو بثمن رمزي كاين سوق تضامني لي عملتو المبادرة فيه كنوجهو النساء ديالنا يمشيو لسوق تضامني يحطو المنتوج ديالهم كيتباع بواحد بواحد الثمن بواحد القيمة وكتثمن ديك المجهود ديك السيدة لي عملاتو كتاخد منو واحد كدوز,التعاونيات ديالهم كنوجهوهم حتى هما عندنا نساء اللي كيكونوا كيما قالت الأخت مريم كيشتغلوا يعني في الدار وباش يسوقوا بطريقة كيما قالت كيجي واحد كياخد من عندها ديك الثمن ديك ديك الشي اللي وجداتو بثمن رمزي كاين سوق تضامني اللي عملتو المبادرة فيه كنوجهو النساء ديالنا يمشيو لسوق تضامني يحطوا المنتوج ديالهم كيتباع بواحد بواحد الثمن بواحد القيمة وكتثمن ديك المجهود ديك السيدة اللي عملاتو كتاخد منو واحد كدوز,التعاونيات ديالهم كنوجهوهم حتى هما عندنا نساء اللي كيكونوا كيما قالت الأخت مريم كيشتغلوا يعني في الدار وباش يسوقوا بطريقة كيما قالت كيجي واحد كياخد من عندها ديك الثمن ديك ديك الشي اللي وجداتو بثمن رمزي كاين سوق تضامني اللي عملتو المبادرة فيه كنوجهو النساء ديالنا يمشيو لسوق تضامني يحطوا المنتوج ديالهم كيتباع بواحد بواحد الثمن بواحد القيمة وكتثمن ديك المجهود ديك السيدة اللي عملاتو كتاخد منو واحد كدوز,Of Tangier/Tetouan,Mixed/Educated Moroccan Arabic,none,"Female,Male",3
audio/tangier/tangier-033.wav,tangier-033,tangier-33,tangier,Tetouan_1-84_16k.wav,train,l'accompagnement لواحد المواكبة ملي كتكون ملي كتحبل هديك المرأة ملي كتحبل هديك المرأة وحنا المكملات الغذائية راه واحد واحد واحد السيرورة طويلة ملي كتحبل والتحسيس التحسيس تبارك الله جبرت واحد الوقع لأن تعملت دار الأمومة في واد لاو على أساس كاينة تما دار الولادة وكاين دائما بشراكة مع القطاع الوصي دائما الصحة دائما الجماعة الترابية وخاصة الصحة لأن هي لي غتحضر لنا الطبيب هي لي غتحضر القابلات,l'accompagnement لواحد المواكبة ملي كتكون ملي كتحبل هذيك المرأة ملي كتحبل هذيك المرأة وحنا المكملات الغذائية راه واحد واحد واحد السيرورة طويلة ملي كتحبل والتحسيس التحسيس تبارك الله جبرت واحد الوقع لأن تعملت دار الأمومة في واد لاو على أساس كاينة تما دار الولادة وكاين دائما بشراكة مع القطاع الوصي دائما الصحة دائما الجماعة الترابية وخاصة الصحة لأن هي اللي غتحضر لنا الطبيب هي اللي غتحضر القابلات,l'accompagnement لواحد المواكبة ملي كتكون ملي كتحبل هذيك المرأة ملي كتحبل هذيك المرأة وحنا المكملات الغذائية راه واحد واحد واحد السيرورة طويلة ملي كتحبل والتحسيس التحسيس تبارك الله جبرت واحد الوقع لأن تعملت دار الأمومة في واد لاو على أساس كاينة تما دار الولادة وكاين دائما بشراكة مع القطاع الوصي دائما الصحة دائما الجماعة الترابية وخاصة الصحة لأن هي اللي غتحضر لنا الطبيب هي اللي غتحضر القابلات,Of Tangier/Tetouan,Mixed/Educated Moroccan Arabic,French,"Female,Male",2
audio/tangier/tangier-034.wav,tangier-034,tangier-34,tangier,Tetouan_1-91_16k.wav,train,فين وصل المشروع؟ شنو عمل المشروع؟ فين وصلت الجمعية؟ إلى كاين شي مشكل كيخصو يتحل وكاين هادشي كامل كل مشروع عندو اتفاقية ديالو ممضية مع القطاع الوصي مع السيد عامل إقليم الإقليم وباش كيكونو جميع البنود واضحة باش إلى كان شي مشكل كيفاش كيتحل كيفاش قليل فاش المشاريع زعما ما كيصدقوشي مزيانين. كيصدق كلشي مزيان الحمد لله لحد الساعة المهم هما تبدلو المشاريع شحال هادي كانو برامج دابا برامج أخرى أنا كنهضر خاصة على على المرحلة الثالثة,فين وصل المشروع؟ شنو نوع من المشروع؟ فين وصلت الجمعية؟ إلى كاين شي مشكل كيخصو يتحل وكاين هادشي كامل كل مشروع عندو اتفاقية ديالو ممضية مع القطاع الوصي مع السيد عامل إقليم الإقليم وباش كيكونو جميع البنود واضحة باش إلى كان شي مشكل كيفاش كيتحل كيفاش قليل فاش المشاريع زعما ما كيصدقوشي مزيانين. كيصدق كلشي مزيان الحمد لله لحد الساعة المهم هما تبدلو المشاريع شحال هادي كانو برامج دابا برامج أخرى أنا كنهضر خاصة على على المرحلة الثالثة,فين وصل المشروع؟ شنو نوع من المشروع؟ فين وصلت الجمعية؟ إلى كاين شي مشكل كيخصو يتحل وكاين هادشي كامل كل مشروع عندو اتفاقية ديالو ممضية مع القطاع الوصي مع السيد عامل إقليم الإقليم وباش كيكونو جميع البنود واضحة باش إلى كان شي مشكل كيفاش كيتحل كيفاش قليل فاش المشاريع زعما ما كيصدقوشي مزيانين. كيصدق كلشي مزيان الحمد لله لحد الساعة المهم هما تبدلو المشاريع شحال هادي كانو برامج دابا برامج أخرى أنا كنهضر خاصة على على المرحلة الثالثة,Of Tangier/Tetouan,Mixed/Educated Moroccan Arabic,none,"Female,Male",2
audio/tangier/tangier-035.wav,tangier-035,tangier-35,tangier,Tetouan_1-98_16k.wav,train,باغين إن شاء الله يا ربي يكون عندنا مشاريع كبيرة فحال شكل تضامني فحال الشمالية يكون عندنا مشاريع كبيرة ديال المبادرة وديالنا يكونو فيها الخريجين والخريجات ديال المراكز ديالنا نوفرو لهم مناصب شغل لي هي فاش كيكون نوجدو نخرجو واحد المجموعة كنخرجو تقريبا ألف وميتين كل سنة خريج وخريجة من المراكز ديالنا نكونو عندنا فرص الشغل نكونو إن شاء الله مع المبادرة الرؤية لي كنشوفو هو الإدماج,باغين إن شاء الله يا ربي يكون عندنا مشاريع كبيرة فحال شكل تضامني فحال الشمالية يكون عندنا مشاريع كبيرة ديال المبادرة وديالنا يكونوا فيها الخريجين والخريجات ديال المراكز ديالنا نوفروا لهم مناصب شغل اللي هي فاش كيكون نوجدوا نخرجوا واحد المجموعة كنخرجوا تقريبا ألف وميتين كل سنة خريج وخريجة من المراكز ديالنا نكونوا عندنا فرص الشغل نكونوا إن شاء الله مع المبادرة الرؤية اللي كنشوفوا هو الإدماج,باغين إن شاء الله يا ربي يكون عندنا مشاريع كبيرة فحال شكل تضامني فحال الشمالية يكون عندنا مشاريع كبيرة ديال المبادرة وديالنا يكونوا فيها الخريجين والخريجات ديال المراكز ديالنا نوفروا لهم مناصب شغل اللي هي فاش كيكون نوجدوا نخرجوا واحد المجموعة كنخرجوا تقريبا ألف وميتين كل سنة خريج وخريجة من المراكز ديالنا نكونوا عندنا فرص الشغل نكونوا إن شاء الله مع المبادرة الرؤية اللي كنشوفوا هو الإدماج,Of Tangier/Tetouan,Mixed/Educated Moroccan Arabic,none,"Female,Male",2
audio/tangier/tangier-036.wav,tangier-036,tangier-36,tangier,Tetouan_2-10_16k.wav,train,فكرتني فالشابل وكانو الوالدين ديالي تيطيبوه وكانت عندنا أكلة مميزة ديال الشابل. كان عندنا إما يمشي الطاجين للفران، تيتصاوب الشابلة تتقطع وتصاوب، وكان واحد الطاجين كبير هو لي تيطيبو فيه العروبية دابا وهما تيطيبو الخبز. هداك هو لي كنا كنديروه، بلاصوص ديالو، ب- بالشرمولة ديالو، عرفتي ملي كتكون داخل مع باب المدينة كتش الريحة ديال الشابل فالفران. فالفران. وكنا واش هو فيه الشوك بزاف ولا لا؟ لا.,فكرتني في الشابل وكانوا الوالدين ديالي تيطيبوه وكانت عندنا أكلة مميزة ديال الشابل. كان عندنا إما يمشي الطاجين للفران، تيتصاوب الشابلة تتقطع وتصاوب، وكان واحد الطاجين كبير هو اللي تيطيبوا فيه العروبية دابا وهما تيطيبوا الخبز. هذاك هو اللي كنا كنديروه، بلاصوص ديالو، ب- بالشرمولة ديالو، عرفتي ملي كتكون داخل مع باب المدينة كتش الريحة ديال الشابل في الفران. في الفران. وكنا واش هو فيه الشوك بزاف ولا لا؟ لا., في الشابل وكانوا الوالدين ديالي تيطيبوه وكانت عندنا أكلة مميزة ديال الشابل. كان عندنا إما يمشي الطاجين للفران، تيتصاوب الشابلة تتقطع وتصاوب، وكان واحد الطاجين كبير هو اللي تيطيبوا فيه العروبية دابا وهما تيطيبوا الخبز. هذاك هو اللي كنا كنديروه، بلاصوص ديالو، ب- بالشرمولة ديالو، عرفتي ملي كتكون داخل مع باب المدينة كتش الريحة ديال الشابل في الفران. في الفران. وكنا واش هو فيه الشوك بزاف ولا لا؟ لا.,Other,Moroccan Arabic,none,"Female,Male",2
audio/tangier/tangier-037.wav,tangier-037,tangier-37,tangier,Tetouan_2-15_16k.wav,train,الدولة تاقت فالصانع التقليدي وعطاتو هاد البنيات ووالديهم حتى هما تاقو فينا لأن خصنا نخرجوهم كيف ما كيف نفوسنا. ما يمكنلكش غيجي عندك التلميذ تقول بغا يتعلم ما بغاش يتعلم يجلس تما. هذا راه راه ما ما ما ما غيسمحش لك ضميرك دير لهاد. أنتي تعلمتي مع الوالدة ولا مع شي معلمة؟ لا لا تعلمت مع مع واحد المعلمة. وخا الوالدة ديالي كانت كتنسج الحايك وهذا ولكن ما تعلمتش الطرز وداكشي ولكن ما تعلمتش عائلتي تقريبا,الدولة ثاقت في الصانع التقليدي وعطاتو هاد البنيات ووالديهم حتى هما ثاقوا فينا لأن خصنا نخرجوهم كيف ما كيف نفوسنا. ما يمكنلكش غيجي عندك التلميذ تقول بغا يتعلم ما بغاش يتعلم يجلس تما. هذا راه راه ما ما ما ما غيسمحش لك ضميرك دير لهاد. أنتي تعلمتي مع الوالدة ولا مع شي معلمة؟ لا لا تعلمت مع مع واحد المعلمة. وخا الوالدة ديالي كانت كتنسج الحايك وهذا ولكن ما تعلمتش الطرز وداكشي ولكن ما تعلمتش عائلتي تقريبا,الدولة ثاقت في الصانع التقليدي وعطاتو هاد البنيات ووالديهم حتى هما ثاقوا فينا لأن خصنا نخرجوهم كيف ما كيف نفوسنا. ما يمكنلكش غيجي عندك التلميذ تقول بغا يتعلم ما بغاش يتعلم يجلس تما. هذا راه راه ما ما ما ما غيسمحش لك ضميرك دير لهاد. أنتي تعلمتي مع الوالدة ولا مع شي معلمة؟ لا لا تعلمت مع مع واحد المعلمة. وخا الوالدة ديالي كانت كتنسج الحايك وهذا ولكن ما تعلمتش الطرز وداكشي ولكن ما تعلمتش عائلتي تقريبا,no_majority,Mixed/Educated Moroccan Arabic,none,"Female,Male",2
audio/tangier/tangier-038.wav,tangier-038,tangier-38,tangier,Tetouan_2-16_16k.wav,train,كانت كلها كدير هاد العمل اليدوي ولكن أنا تعلمت على يد واحد المعلمة الله يرحمها هي لي علمتني هاد الطرز ولكن كانت حكاية قبل كنا كنخرجو حنا بحكم ديال المدينة كنخرجو هنا للطبيعة ديال الواد وكنت كندير شوية لكروشي دايزة واحد السيدة ويقول لها راجلها شوفي لالة كطرز قالت ليه أش الطرز على راه كتخربق أنا دخلات ليا ديك ديك الطرز خاصني نمشي نتعلمو ونبحث عليه وحاولت باش نمشي ودخلت عند هاد السيدة راه زعما الله يرحمها ونتمنى لوليداتها,كانت كلها كدير هاد العمل اليدوي ولكن أنا تعلمت على يد واحد المعلمة الله يرحمها هي اللي علمتني هاد الطرز ولكن كانت حكاية قبل كنا كنخرجو حنا بحكم ديال المدينة كنخرجو هنا للطبيعة ديال الواد وكنت كندير شوية الكروشي دايزة واحد السيدة ويقول لها راجلها شوفي لالة كطرز قالت ليه أش الطرز على راه كتخربق أنا دخلات ليا ديك ديك الطرز خاصني نمشي نتعلمو ونبحث عليه وحاولت باش نمشي ودخلت عند هاد السيدة راه زعما الله يرحمها ونتمنى لوليداتها,كانت كلها كدير هاد العمل اليدوي ولكن أنا تعلمت على يد واحد المعلمة الله يرحمها هي اللي علمتني هاد الطرز ولكن كانت حكاية قبل كنا كنخرجو حنا بحكم ديال المدينة كنخرجو هنا للطبيعة ديال الواد وكنت كندير شوية الكروشي دايزة واحد السيدة ويقول لها راجلها شوفي لالة كطرز قالت ليه أش الطرز على راه كتخربق أنا دخلات ليا ديك ديك الطرز خاصني نمشي نتعلمو ونبحث عليه وحاولت باش نمشي ودخلت عند هاد السيدة راه زعما الله يرحمها ونتمنى لوليداتها,no_majority,Moroccan Arabic,none,Female,1
audio/tangier/tangier-040.wav,tangier-040,tangier-40,tangier,WwUF8uoO00c_segment_04.mp3_16k.wav,train,نعم. بعدها، بعدها بدأنا وصلنا إلى إلى إلى التحضيرات النهائية، وصلنا إلى مطار محمد الخامس، وجدنا المسؤولين في سفارة خادم الحرمين جهزو كل شيء. من من ال boarding pass، من ال ال ال عملية التسجيل في ال counter، ووجدنا VIP lounge في انتظارنا داخل المطار، جلسنا فيه نحن مجموعة وفد ضيوف خادم الحرمين الشريفين.,نعم. بعدها، بعدها بدأنا وصلنا إلى إلى إلى التحضيرات النهائية، وصلنا إلى مطار محمد الخامس، وجدنا المسؤولين في سفارة خادم الحرمين جهزوا كل شيء. من من ال boarding pass، من ال ال ال عملية التسجيل في ال counter، ووجدنا VIP lounge في انتظارنا داخل المطار، جلسنا فيه نحن مجموعة وفد ضيوف خادم الحرمين الشريفين.,نعم. بعدها، بعدها بدأنا وصلنا إلى إلى إلى التحضيرات النهائية، وصلنا إلى مطار محمد الخامس، وجدنا المسؤولين في سفارة خادم الحرمين جهزوا كل شيء. من من ال boarding pass، من ال ال ال عملية التسجيل في ال counter، ووجدنا VIP lounge في انتظارنا داخل المطار، جلسنا فيه نحن مجموعة وفد ضيوف خادم الحرمين الشريفين.,Of Casablanca,Standard Arabic,English,Male,2
audio/tangier/tangier-041.wav,tangier-041,tangier-41,tangier,WwUF8uoO00c_segment_07.mp3_16k.wav,train,أداء وفهم المناسك بالطريقة الصحيحة، بالإسلام السمح المعتدل الذي دعا إليه سيدنا محمد صلى الله عليه وسلم قبل 14 قرن. هذا التوجيه خلانا حقيقة نشعر بالوسطية الإسلام ونشعر بالاعتدال وأكدوا لنا أيضا على البعد الإيماني والروحي لرحلة الحج. رحلة الحج هي رحلة روحية، رحلة إن شاء الله الحج المبرور والذنب المغفور بإذن الله عز وجل. نعم وفقك الله,أداء وفهم المناسك بالطريقة الصحيحة، بالإسلام السمح المعتدل الذي دعا إليه سيدنا محمد صلى الله عليه وسلم قبل 14 قرن. هذا التوجيه خلانا حقيقة نشعر بالوسطية الإسلام ونشعر بالاعتدال وأكدوا لنا أيضا على البعد الإيماني والروحي لرحلة الحج. رحلة الحج هي رحلة روحية، رحلة إن شاء الله الحج المبرور والذنب المغفور بإذن الله عز وجل. نعم وفقك الله,أداء وفهم المناسك بالطريقة الصحيحة، بالإسلام السمح المعتدل الذي دعا إليه سيدنا محمد صلى الله عليه وسلم قبل 14 قرن. هذا التوجيه خلانا حقيقة نشعر بالوسطية الإسلام ونشعر بالاعتدال وأكدوا لنا أيضا على البعد الإيماني والروحي لرحلة الحج. رحلة الحج هي رحلة روحية، رحلة إن شاء الله الحج المبرور والذنب المغفور بإذن الله عز وجل. نعم وفقك الله,Of Casablanca,Mixed/Educated Moroccan Arabic,none,Male,2
